Price,Location,Surface
1 200 €,Luxembourg-Centre ville,45 m²
1 200 €,Luxembourg-Neudorf,29 m²
1 200 €,Luxembourg-Centre ville,45 m²
1 050 €,Luxembourg-Belair,20 m²
1 100 €,Luxembourg-Centre ville,13 m²
1 200 €,Luxembourg-Limpertsberg,25 m²
1 200 €,Luxembourg-Centre ville,30 m²
1 000 €,Luxembourg-Centre ville,15 m²
1 200 €,Luxembourg-Limpertsberg,20 m²
1 200 €,Luxembourg-Gasperich,18 m²
1 050 €,Luxembourg-Limpertsberg,15 m²
1 200 €,Luxembourg-Centre ville,120 m²
1 200 €,Luxembourg-Centre ville,20 m²
950 €,Bettembourg,11 m²
1 050 €,Luxembourg-Centre ville,N/A
1 200 €,Luxembourg-Limpertsberg,25 m²
1 200 €,Luxembourg-Merl,12 m²
1 150 €,Luxembourg-Centre ville,15 m²
1 200 €,Luxembourg-Centre ville,18 m²
1 200 €,Luxembourg-Rollingergrund,18 m²
1 150 €,Bereldange,18 m²
1 200 €,Luxembourg-Centre ville,14 m²
1 200 €,Luxembourg-Merl,12 m²
850 €,Bettembourg,11 m²
1 200 €,Luxembourg-Centre ville,30 m²
1 150 €,Luxembourg-Centre ville,20 m²
900 €,Bettembourg,18 m²
850 €,Bettembourg,12 m²
1 000 €,Luxembourg-Centre ville,18 m²
900 €,Luxembourg-Centre ville,12 m²
1 200 €,Luxembourg-Centre ville,30 m²
750 €,Bettembourg,12 m²
1 200 €,Luxembourg-Limpertsberg,25 m²
1 150 €,Luxembourg-Centre ville,20 m²
1 000 €,Luxembourg-Centre ville,15 m²
1 000 €,Luxembourg-Centre ville,16 m²
1 050 €,Bereldange,15 m²
1 050 €,Luxembourg-Centre ville,15 m²
1 150 €,Luxembourg-Centre ville,20 m²
1 200 €,Luxembourg-Limpertsberg,20 m²
900 €,Luxembourg-Centre ville,12 m²
1 200 €,Luxembourg-Centre ville,17 m²
750 €,Bettembourg,13 m²
900 €,Esch-sur-Alzette,14 m²
1 200 €,Luxembourg-Centre ville,30 m²
750 €,Bettembourg,12 m²
620 €,Oberkorn,13 m²
600 €,Oberkorn,13 m²
620 €,Oberkorn,13 m²
1 200 €,Luxembourg-Merl,22 m²
1 100 €,Luxembourg-Muhlenbach,14 m²
1 200 €,Livange,30 m²
900 €,Bereldange,11 m²
950 €,Luxembourg-Bonnevoie,14 m²
1 200 €,Luxembourg-Cessange,N/A
1 200 €,Luxembourg-Limpertsberg,16 m²
1 100 €,Luxembourg-Limpertsberg,15 m²
1 200 €,Luxembourg-Belair,220 m²
1 000 €,Colmar-Berg,80 m²
800 €,Bereldange,9 m²
1 100 €,Luxembourg-Centre ville,18 m²
1 050 €,Esch-sur-Alzette,12 m²
950 €,Esch-sur-Alzette,12 m²
1 200 €,Luxembourg-Rollingergrund,17 m²
1 050 €,Esch-sur-Alzette,36 m²
920 €,Itzig,10 m²
1 150 €,Steinsel,33 m²
1 040 €,Simmerfarm,38 m²
750 €,Helmsange,11 m²
750 €,Helmsange,13 m²
1 130 €,Reuler,77 m²
1 100 €,Hesperange,30 m²
1 100 €,Esch-sur-Alzette,41 m²
800 €,Walferdange,20 m²
850 €,Schuttrange,10 m²
1 140 €,Luxembourg-Gare,17 m²
950 €,Strassen,13 m²
900 €,Luxembourg-Neudorf,14 m²
800 €,Nommern,15 m²
1 100 €,Strassen,22 m²
1 050 €,Luxembourg-Hamm,15 m²
950 €,Luxembourg-Dommeldange,10 m²
1 100 €,Luxembourg-Muhlenbach,15 m²
1 100 €,Luxembourg-Muhlenbach,14 m²
1 200 €,Luxembourg-Centre ville,15 m²
1 200 €,Luxembourg-Centre ville,15 m²
1 100 €,Luxembourg-Centre ville,11 m²
615 €,Medingen,16 m²
1 050 €,Luxembourg-Hamm,14 m²
1 100 €,Luxembourg-Hollerich,14 m²
800 €,Cruchten,15 m²
930 €,Strassen,14 m²
930 €,Strassen,14 m²
1 100 €,Luxembourg-Bonnevoie,15 m²
1 200 €,Luxembourg-Centre ville,14 m²
1 050 €,Luxembourg-Hollerich,16 m²
1 050 €,Luxembourg-Hollerich,14 m²
1 150 €,Hesperange,40 m²
1 050 €,Luxembourg-Hollerich,16 m²
1 150 €,Bereldange,12 m²
1 200 €,Luxembourg-Hollerich,14 m²
1 200 €,Luxembourg-Limpertsberg,15 m²
1 050 €,Bereldange,12 m²
1 200 €,Luxembourg-Bonnevoie,15 m²
1 080 €,Luxembourg,13 m²
1 200 €,Luxembourg-Rollingergrund,14 m²
1 000 €,Luxembourg-Gare,17 m²
1 200 €,Luxembourg-Gasperich,14 m²
950 €,Luxembourg-Bonnevoie,14 m²
950 €,Luxembourg-Bonnevoie,12 m²
1 080 €,Luxembourg-Cessange,15 m²
990 €,Luxembourg-Muhlenbach,14 m²
990 €,Luxembourg-Muhlenbach,13 m²
990 €,Luxembourg-Muhlenbach,14 m²
990 €,Luxembourg-Muhlenbach,15 m²
1 050 €,Luxembourg-Muhlenbach,15 m²
900 €,Luxembourg-Dommeldange,11 m²
1 050 €,Luxembourg-Dommeldange,15 m²
990 €,Luxembourg-Muhlenbach,12 m²
990 €,Luxembourg-Muhlenbach,14 m²
990 €,Luxembourg-Muhlenbach,12 m²
1 200 €,Luxembourg-Centre ville,15 m²
1 200 €,Luxembourg-Centre ville,15 m²
950 €,Luxembourg-Bonnevoie,14 m²
950 €,Luxembourg-Bonnevoie,12 m²
1 050 €,Luxembourg-Muhlenbach,15 m²
1 000 €,Luxembourg-Gasperich,10 m²
1 050 €,Luxembourg-Neudorf,15 m²
1 150 €,Luxembourg,12 m²
950 €,Luxembourg-Dommeldange,15 m²
1 000 €,Luxembourg-Centre ville,15 m²
950 €,Helmsange,20 m²
1 200 €,Luxembourg-Gare,28 m²
1 200 €,Luxembourg-Rollingergrund,14 m²
1 050 €,Luxembourg-Limpertsberg,10 m²
1 200 €,Luxembourg-Hollerich,14 m²
1 200 €,Luxembourg,18 m²
1 050 €,Luxembourg-Bonnevoie,15 m²
1 200 €,Luxembourg-Bonnevoie,14 m²
1 200 €,Luxembourg-Cessange,15 m²
1 200 €,Luxembourg-Cessange,20 m²
1 100 €,Luxembourg-Centre ville,15 m²
1 150 €,Esch-sur-Alzette,30 m²
900 €,Luxembourg-Centre ville,14 m²
1 100 €,Luxembourg-Bonnevoie,15 m²
1 100 €,Luxembourg-Merl,15 m²
1 100 €,Bascharage,15 m²
1 100 €,Luxembourg-Neudorf,15 m²
1 100 €,Luxembourg-Kirchberg,15 m²
900 €,Strassen,9 m²
1 200 €,Luxembourg-Weimerskirch,15 m²
1 200 €,Luxembourg-Weimerskirch,15 m²
1 200 €,Luxembourg-Weimerskirch,15 m²
1 200 €,Luxembourg-Weimerskirch,15 m²
1 200 €,Luxembourg-Weimerskirch,15 m²
1 200 €,Luxembourg-Bonnevoie,15 m²
1 200 €,Luxembourg-Weimerskirch,15 m²
1 200 €,Scheidgen,75 m²
1 150 €,Strassen,N/A
950 €,Luxembourg-Bonnevoie,15 m²
1 050 €,Luxembourg-Muhlenbach,15 m²
850 €,Luxembourg-Bonnevoie,16 m²
1 000 €,Winseler,55 m²
1 200 €,Luxembourg-Cessange,16 m²
995 €,Luxembourg-Limpertsberg,22 m²
1 000 €,Luxembourg-Rollingergrund,14 m²
850 €,Hautcharage,16 m²
725 €,Luxembourg-Bonnevoie,9 m²
1 100 €,Pintsch,65 m²
1 200 €,Bettel,76 m²
850 €,Remich,17 m²
750 €,Luxembourg-Hollerich,10 m²
1 050 €,Luxembourg-Cessange,18 m²
990 €,Strassen,N/A
1 100 €,Luxembourg-Gare,24 m²
950 €,Luxembourg-Gare,12 m²
1 000 €,Luxembourg-Gare,15 m²
1 000 €,Luxembourg-Gare,15 m²
995 €,Luxembourg-Centre ville,13 m²
1 175 €,Luxembourg-Gare,25 m²
1 100 €,Luxembourg-Gare,23 m²
900 €,Luxembourg-Rollingergrund,13 m²
950 €,Luxembourg-Limpertsberg,13 m²
1 200 €,Schifflange,34 m²
1 140 €,Luxembourg-Bonnevoie,11 m²
800 €,Dudelange,25 m²
1 000 €,Luxembourg-Gare,18 m²
1 000 €,Luxembourg-Belair,12 m²
1 100 €,Luxembourg-Limpertsberg,12 m²
1 200 €,Luxembourg-Centre ville,14 m²
800 €,Luxembourg-Merl,12 m²
990 €,Strassen,N/A
750 €,Luxembourg-Centre ville,9 m²
850 €,Luxembourg-Pfaffenthal,16 m²
970 €,Differdange,19 m²
1 070 €,Differdange,26 m²
1 010 €,Differdange,21 m²
1 175 €,Luxembourg-Belair,N/A
1 100 €,Luxembourg-Bonnevoie,12 m²
750 €,Garnich,15 m²
De 970 € à 1 070 720 €,Differdange,De 19 à 268 m²
950 €,Luxembourg-Hamm,15 m²
900 €,Luxembourg-Bonnevoie,16 m²
800 €,Howald,18 m²
850 €,Luxembourg-Bonnevoie,16 m²
850 €,Luxembourg-Bonnevoie,18 m²
1 200 €,Luxembourg-Bonnevoie,22 m²
1 000 €,Luxembourg-Bonnevoie,18 m²
950 €,Luxembourg,16 m²
950 €,Esch-sur-Alzette,18 m²
900 €,Luxembourg-Neudorf,14 m²
1 000 €,Esch-sur-Alzette,25 m²
1 100 €,Luxembourg-Gare,22 m²
970 €,Luxembourg-Bonnevoie,20 m²
800 €,Colmar-Berg,16 m²
1 000 €,Luxembourg-Kirchberg,18 m²
1 200 €,Luxembourg-Gare,30 m²
1 100 €,Luxembourg-Muhlenbach,16 m²
1 000 €,Luxembourg-Rollingergrund,24 m²
900 €,Dudelange,14 m²
1 100 €,Luxembourg-Gasperich,25 m²
900 €,Luxembourg-Kirchberg,97 m²
900 €,Strassen,25 m²
1 000 €,Luxembourg-Neudorf,24 m²
1 200 €,Senningerberg,23 m²
950 €,Luxembourg-Bonnevoie,22 m²
1 200 €,Luxembourg-Gare,30 m²
950 €,Hesperange,20 m²
950 €,Hesperange,19 m²
950 €,Hesperange,18 m²
850 €,Hesperange,14 m²
800 €,Hesperange,11 m²
1 150 €,Hesperange,36 m²
1 200 €,Esch-sur-Alzette,15 m²
900 €,Esch-sur-Alzette,14 m²
1 200 €,Luxembourg-Limpertsberg,40 m²
990 €,Luxembourg-Bonnevoie,17 m²
650 €,Sanem,16 m²
900 €,Niederkorn,14 m²
900 €,Esch-sur-Alzette,148 m²
1 080 €,Luxembourg-Bonnevoie,15 m²
1 190 €,Luxembourg-Bonnevoie,22 m²
1 000 €,Luxembourg-Weimerskirch,18 m²
1 150 €,Reuler,52 m²
1 200 €,Luxembourg-Cessange,20 m²
890 €,Luxembourg-Muhlenbach,14 m²
890 €,Luxembourg-Muhlenbach,17 m²
790 €,Luxembourg-Muhlenbach,9 m²
1 050 €,Redange,45 m²
890 €,Bertrange,11 m²
1 000 €,Luxembourg-Hollerich,150 m²
1 000 €,Luxembourg-Hollerich,30 m²
900 €,Luxembourg-Gare,14 m²
900 €,Luxembourg-Merl,12 m²
1 100 €,Luxembourg-Merl,15 m²
700 €,Soleuvre,12 m²
1 200 €,Esch-sur-Alzette,67 m²
875 €,Lorentzweiler,14 m²
800 €,Luxembourg-Gasperich,18 m²
1 000 €,Luxembourg-Hollerich,25 m²
1 000 €,Luxembourg-Cessange,15 m²
1 000 €,Luxembourg-Hollerich,125 m²
1 150 €,Weiswampach,35 m²
750 €,Esch-sur-Alzette,12 m²
1 000 €,Luxembourg-Hollerich,125 m²
750 €,Esch-sur-Alzette,13 m²
1 100 €,Esch-sur-Alzette,43 m²
1 000 €,Luxembourg-Belair,14 m²
725 €,Luxembourg-Gare,12 m²
700 €,Reckange-Sur-Mess,12 m²
700 €,Bereldange,12 m²
675 €,Capellen,15 m²
850 €,Oberkorn,35 m²
750 €,Esch-sur-Alzette,7 m²
800 €,Luxembourg-Bonnevoie,9 m²
825 €,Luxembourg-Dommeldange,11 m²
850 €,Leudelange,16 m²
850 €,Luxembourg-Gasperich,15 m²
700 €,Luxembourg-Bonnevoie,11 m²
700 €,Belval,14 m²
700 €,Reckange-Sur-Mess,22 m²
825 €,Luxembourg-Dommeldange,9 m²
825 €,Luxembourg-Dommeldange,12 m²
950 €,Leudelange,12 m²
650 €,Esch-sur-Alzette,12 m²
725 €,Luxembourg-Gare,12 m²
700 €,Bereldange,12 m²
550 €,Esch-sur-Alzette,9 m²
825 €,Luxembourg-Dommeldange,12 m²
825 €,Luxembourg-Dommeldange,12 m²
825 €,Luxembourg-Dommeldange,12 m²
825 €,Luxembourg-Dommeldange,12 m²
725 €,Luxembourg-Gare,12 m²
950 €,Leudelange,12 m²
950 €,Leudelange,12 m²
1 000 €,Leudelange,12 m²
700 €,Capellen,12 m²
650 €,Capellen,12 m²
625 €,Esch-sur-Alzette,12 m²
550 €,Bascharage,12 m²
825 €,Luxembourg-Dommeldange,9 m²
1 000 €,Leudelange,14 m²
825 €,Luxembourg-Dommeldange,12 m²
825 €,Luxembourg-Dommeldange,12 m²
825 €,Luxembourg-Dommeldange,10 m²
825 €,Luxembourg-Dommeldange,12 m²
700 €,Reckange-Sur-Mess,18 m²
725 €,Luxembourg-Bonnevoie,12 m²
700 €,Luxembourg-Gare,12 m²
700 €,Bereldange,12 m²
800 €,Esch-sur-Alzette,12 m²
700 €,Reckange-Sur-Mess,15 m²
725 €,Luxembourg-Gare,12 m²
700 €,Capellen,12 m²
700 €,Luxembourg-Beggen,12 m²
650 €,Luxembourg-Neudorf,10 m²
725 €,Luxembourg-Gare,15 m²
800 €,Luxembourg-Dommeldange,9 m²
825 €,Luxembourg-Dommeldange,9 m²
1 000 €,Leudelange,15 m²
825 €,Luxembourg-Bonnevoie,12 m²
800 €,Esch-sur-Alzette,N/A
725 €,Luxembourg-Belair,12 m²
700 €,Reckange-Sur-Mess,20 m²
950 €,Luxembourg-Cessange,15 m²
800 €,Luxembourg-Dommeldange,9 m²
825 €,Luxembourg-Dommeldange,14 m²
825 €,Luxembourg-Dommeldange,15 m²
675 €,Esch-sur-Alzette,15 m²
675 €,Capellen,15 m²
650 €,Esch-sur-Alzette,15 m²
550 €,Esch-sur-Alzette,15 m²
550 €,Esch-sur-Alzette,12 m²
1 000 €,Leudelange,N/A
950 €,Leudelange,15 m²
700 €,Luxembourg-Bonnevoie,12 m²
725 €,Luxembourg-Hamm,10 m²
725 €,Luxembourg-Bonnevoie,12 m²
750 €,Luxembourg-Neudorf,10 m²
725 €,Luxembourg-Bonnevoie,12 m²
725 €,Luxembourg-Belair,12 m²
700 €,Luxembourg-Bonnevoie,9 m²
725 €,Luxembourg-Hollerich,9 m²
800 €,Luxembourg-Gare,9 m²
700 €,Luxembourg-Beggen,12 m²
700 €,Luxembourg-Bonnevoie,12 m²
725 €,Luxembourg-Neudorf,12 m²
700 €,Capellen,13 m²
825 €,Luxembourg-Dommeldange,9 m²
800 €,Luxembourg-Dommeldange,9 m²
825 €,Luxembourg-Dommeldange,10 m²
700 €,Luxembourg-Gare,9 m²
675 €,Esch-sur-Alzette,15 m²
615 €,Bascharage,9 m²
800 €,Esch-sur-Alzette,12 m²
800 €,Luxembourg-Gare,9 m²
750 €,Esch-sur-Alzette,11 m²
675 €,Capellen,16 m²
700 €,Capellen,12 m²
700 €,Luxembourg-Gasperich,9 m²
625 €,Esch-sur-Alzette,10 m²
550 €,Bascharage,13 m²
700 €,Reckange-Sur-Mess,20 m²
700 €,Luxembourg-Gasperich,10 m²
650 €,Esch-sur-Alzette,15 m²
675 €,Esch-sur-Alzette,15 m²
650 €,Luxembourg-Neudorf,12 m²
800 €,Luxembourg-Rollingergrund,11 m²
950 €,Esch-sur-Alzette,17 m²
725 €,Luxembourg-Hollerich,12 m²
650 €,Luxembourg-Neudorf,12 m²
550 €,Bascharage,12 m²
725 €,Luxembourg-Centre ville,11 m²
800 €,Esch-sur-Alzette,12 m²
800 €,Luxembourg-Gare,9 m²
750 €,Esch-sur-Alzette,13 m²
750 €,Luxembourg-Bonnevoie,12 m²
725 €,Luxembourg-Hollerich,11 m²
600 €,Esch-sur-Alzette,12 m²
675 €,Capellen,19 m²
550 €,Esch-sur-Alzette,12 m²
725 €,Luxembourg-Gare,14 m²
800 €,Esch-sur-Alzette,12 m²
725 €,Luxembourg-Neudorf,12 m²
725 €,Luxembourg-Hollerich,11 m²
750 €,Esch-sur-Alzette,12 m²
725 €,Luxembourg-Bonnevoie,12 m²
700 €,Strassen,18 m²
700 €,Luxembourg-Hollerich,10 m²
700 €,Bereldange,12 m²
725 €,Luxembourg-Belair,15 m²
700 €,Bertrange,25 m²
700 €,Luxembourg-Gasperich,10 m²
800 €,Esch-sur-Alzette,11 m²
850 €,Luxembourg-Bonnevoie,10 m²
675 €,Esch-sur-Alzette,12 m²
550 €,Capellen,9 m²
550 €,Esch-sur-Alzette,11 m²
725 €,Luxembourg-Neudorf,12 m²
700 €,Luxembourg-Gasperich,15 m²
675 €,Capellen,15 m²
550 €,Bascharage,15 m²
750 €,Esch-sur-Alzette,13 m²
700 €,Luxembourg-Bonnevoie,9 m²
700 €,Bereldange,9 m²
675 €,Capellen,19 m²
600 €,Senningerberg,12 m²
550 €,Capellen,14 m²
550 €,Esch-sur-Alzette,15 m²
750 €,Luxembourg-Belair,17 m²
750 €,Esch-sur-Alzette,13 m²
700 €,Luxembourg-Bonnevoie,10 m²
550 €,Bascharage,16 m²
700 €,Reckange-Sur-Mess,22 m²
650 €,Leudelange,10 m²
600 €,Senningerberg,12 m²
700 €,Mamer,16 m²
700 €,Mamer,17 m²
850 €,Luxembourg-Centre ville,10 m²
675 €,Mamer,19 m²
675 €,Mamer,10 m²
700 €,Capellen,20 m²
625 €,Esch-sur-Alzette,15 m²
725 €,Luxembourg-Centre ville,12 m²
775 €,Reckange-Sur-Mess,19 m²
725 €,Luxembourg-Hamm,9 m²
750 €,Roeser,22 m²
675 €,Esch-sur-Alzette,14 m²
700 €,Bertrange,13 m²
725 €,Luxembourg-Gare,11 m²
725 €,Howald,12 m²
775 €,Reckange-Sur-Mess,22 m²
700 €,Leudelange,16 m²
700 €,Leudelange,16 m²
550 €,Bascharage,15 m²
750 €,Esch-sur-Alzette,10 m²
700 €,Luxembourg-Gare,9 m²
700 €,Capellen,14 m²
700 €,Luxembourg-Hollerich,9 m²
700 €,Luxembourg-Cessange,9 m²
650 €,Esch-sur-Alzette,12 m²
650 €,Esch-sur-Alzette,12 m²
650 €,Esch-sur-Alzette,12 m²
550 €,Capellen,14 m²
550 €,Bascharage,15 m²
700 €,Luxembourg-Bonnevoie,10 m²
700 €,Luxembourg-Belair,12 m²
550 €,Esch-sur-Alzette,12 m²
650 €,Luxembourg-Belair,9 m²
750 €,Leudelange,16 m²
800 €,Luxembourg-Dommeldange,9 m²
740 €,Luxembourg-Gasperich,11 m²
800 €,Luxembourg-Hollerich,10 m²
550 €,Esch-sur-Alzette,10 m²
775 €,Capellen,16 m²
800 €,Luxembourg-Belair,10 m²
850 €,Luxembourg-Bonnevoie,14 m²
890 €,Belval,15 m²
900 €,Luxembourg-Eich,12 m²
700 €,Luxembourg-Bonnevoie,10 m²
800 €,Luxembourg-Neudorf,13 m²
750 €,Capellen,19 m²
750 €,Luxembourg-Gare,9 m²
750 €,Leudelange,16 m²
950 €,Reckange-Sur-Mess,22 m²
890 €,Belval,14 m²
550 €,Esch-sur-Alzette,12 m²
650 €,Strassen,52 m²
800 €,Luxembourg-Bonnevoie,10 m²
800 €,Esch-sur-Alzette,12 m²
650 €,Luxembourg-Merl,9 m²
750 €,Leudelange,16 m²
740 €,Luxembourg-Bonnevoie,10 m²
750 €,Capellen,19 m²
650 €,Luxembourg-Neudorf,11 m²
950 €,Reckange-Sur-Mess,25 m²
550 €,Esch-sur-Alzette,16 m²
550 €,Esch-sur-Alzette,18 m²
800 €,Luxembourg-Dommeldange,11 m²
750 €,Reckange-Sur-Mess,33 m²
650 €,Esch-sur-Alzette,17 m²
650 €,Esch-sur-Alzette,12 m²
625 €,Capellen,13 m²
650 €,Esch-sur-Alzette,12 m²
700 €,Leudelange,33 m²
700 €,Leudelange,16 m²
600 €,Bascharage,16 m²
750 €,Luxembourg-Dommeldange,10 m²
625 €,Capellen,14 m²
650 €,Esch-sur-Alzette,17 m²
650 €,Esch-sur-Alzette,12 m²
625 €,Capellen,13 m²
600 €,Bascharage,15 m²
710 €,Senningerberg,12 m²
700 €,Leudelange,10 m²
700 €,Esch-sur-Alzette,12 m²
700 €,Capellen,10 m²
800 €,Luxembourg-Dommeldange,11 m²
650 €,Capellen,9 m²
615 €,Esch-sur-Alzette,9 m²
740 €,Senningerberg,12 m²
750 €,Luxembourg-Bonnevoie,13 m²
800 €,Luxembourg-Gare,10 m²
800 €,Luxembourg-Gare,17 m²
710 €,Bascharage,16 m²
710 €,Bascharage,14 m²
700 €,Capellen,14 m²
675 €,Bascharage,16 m²
675 €,Esch-sur-Alzette,16 m²
860 €,Luxembourg-Cessange,11 m²
850 €,Luxembourg-Belair,16 m²
800 €,Strassen,12 m²
800 €,Luxembourg-Gasperich,9 m²
890 €,Belval,14 m²
800 €,Capellen,9 m²
725 €,Luxembourg-Eich,9 m²
725 €,Luxembourg-Cessange,9 m²
710 €,Bascharage,15 m²
710 €,Bascharage,16 m²
850 €,Esch-sur-Alzette,16 m²
710 €,Luxembourg-Merl,9 m²
710 €,Bascharage,14 m²
890 €,Belval,15 m²
675 €,Bascharage,16 m²
675 €,Esch-sur-Alzette,15 m²
675 €,Capellen,13 m²
650 €,Esch-sur-Alzette,12 m²
750 €,Leudelange,15 m²
750 €,Leudelange,16 m²
750 €,Luxembourg-Neudorf,9 m²
750 €,Esch-sur-Alzette,17 m²
750 €,Luxembourg-Gare,9 m²
750 €,Luxembourg-Gasperich,N/A
750 €,Luxembourg-Gasperich,11 m²
750 €,Luxembourg-Bonnevoie,12 m²
750 €,Luxembourg-Belair,12 m²
750 €,Luxembourg-Belair,10 m²
750 €,Luxembourg-Centre ville,14 m²
900 €,Luxembourg-Bonnevoie,10 m²
900 €,Esch-sur-Alzette,34 m²
1 000 €,Luxembourg-Gasperich,11 m²
800 €,Luxembourg-Dommeldange,11 m²
800 €,Luxembourg-Cessange,13 m²
860 €,Luxembourg-Bonnevoie,14 m²
860 €,Luxembourg-Cessange,11 m²
860 €,Luxembourg-Beggen,14 m²
850 €,Luxembourg-Gasperich,12 m²
850 €,Luxembourg-Centre ville,16 m²
900 €,Luxembourg-Bonnevoie,12 m²
900 €,Luxembourg-Bonnevoie,10 m²
890 €,Esch-sur-Alzette,15 m²
875 €,Leudelange,33 m²
860 €,Leudelange,30 m²
875 €,Leudelange,16 m²
740 €,Luxembourg-Cessange,12 m²
740 €,Luxembourg-Bonnevoie,11 m²
740 €,Luxembourg-Beggen,9 m²
725 €,Luxembourg-Limpertsberg,9 m²
710 €,Bascharage,15 m²
700 €,Capellen,10 m²
700 €,Esch-sur-Alzette,15 m²
675 €,Bascharage,16 m²
675 €,Esch-sur-Alzette,12 m²
675 €,Esch-sur-Alzette,10 m²
800 €,Luxembourg-Gasperich,9 m²
750 €,Leudelange,16 m²
800 €,Luxembourg-Gare,9 m²
850 €,Luxembourg-Cessange,9 m²
800 €,Bertrange,15 m²
850 €,Mondercange,12 m²
900 €,Esch-sur-Alzette,34 m²
900 €,Luxembourg-Bonnevoie,10 m²
860 €,Luxembourg-Centre ville,30 m²
850 €,Luxembourg-Bonnevoie,13 m²
740 €,Luxembourg-Beggen,9 m²
675 €,Capellen,13 m²
740 €,Luxembourg-Gare,9 m²
710 €,Senningerberg,15 m²
710 €,Luxembourg-Merl,9 m²
600 €,Esch-sur-Alzette,15 m²
800 €,Luxembourg-Centre ville,9 m²
800 €,Luxembourg-Centre ville,10 m²
800 €,Luxembourg-Centre ville,9 m²
800 €,Luxembourg-Centre ville,11 m²
710 €,Luxembourg-Centre ville,10 m²
740 €,Niederanven,12 m²
750 €,Luxembourg-Centre ville,9 m²
860 €,Luxembourg-Centre ville,14 m²
900 €,Luxembourg-Centre ville,12 m²
740 €,Bertrange,15 m²
800 €,Bertrange,15 m²
1 150 €,Luxembourg-Centre ville,13 m²
800 €,Luxembourg-Centre ville,15 m²
850 €,Luxembourg-Centre ville,21 m²
740 €,Luxembourg-Centre ville,9 m²
725 €,Luxembourg-Centre ville,9 m²
710 €,Luxembourg-Centre ville,9 m²
750 €,Luxembourg-Centre ville,10 m²
1 000 €,Luxembourg-Centre ville,14 m²
800 €,Luxembourg-Centre ville,17 m²
800 €,Luxembourg-Centre ville,17 m²
875 €,Leudelange,16 m²
710 €,Bascharage,15 m²
740 €,Bascharage,16 m²
710 €,Bascharage,14 m²
750 €,Esch-sur-Alzette,18 m²
675 €,Esch-sur-Alzette,12 m²
800 €,Esch-sur-Alzette,13 m²
850 €,Esch-sur-Alzette,17 m²
675 €,Esch-sur-Alzette,18 m²
800 €,Luxembourg-Centre ville,14 m²
800 €,Luxembourg-Centre ville,11 m²
800 €,Luxembourg-Centre ville,13 m²
850 €,Luxembourg-Centre ville,13 m²
800 €,Strassen,12 m²
740 €,Luxembourg-Centre ville,14 m²
750 €,Luxembourg-Centre ville,10 m²
800 €,Luxembourg-Centre ville,17 m²
850 €,Luxembourg-Centre ville,16 m²
800 €,Luxembourg-Centre ville,9 m²
710 €,Luxembourg-Centre ville,9 m²
740 €,Luxembourg-Centre ville,12 m²
740 €,Luxembourg-Centre ville,14 m²
740 €,Luxembourg-Cessange,12 m²
860 €,Luxembourg-Centre ville,11 m²
800 €,Luxembourg-Centre ville,18 m²
700 €,Capellen,14 m²
800 €,Roeser,22 m²
750 €,Leudelange,24 m²
860 €,Leudelange,28 m²
800 €,Luxembourg-Centre ville,13 m²
850 €,Mondercange,12 m²
675 €,Capellen,14 m²
725 €,Luxembourg-Cessange,11 m²
950 €,Luxembourg-Belair,16 m²
900 €,Luxembourg-Centre ville,11 m²
750 €,Mondercange,12 m²
750 €,Mondercange,12 m²
750 €,Mondercange,12 m²
750 €,Mondercange,12 m²
740 €,Luxembourg-Belair,15 m²
740 €,Luxembourg-Bonnevoie,15 m²
740 €,Bereldange,9 m²
740 €,Bereldange,9 m²
725 €,Luxembourg-Cessange,9 m²
800 €,Strassen,13 m²
710 €,Senningerberg,12 m²
800 €,Mondercange,16 m²
710 €,Bascharage,16 m²
1 000 €,Luxembourg-Gare,14 m²
740 €,Luxembourg-Centre ville,16 m²
750 €,Leudelange,16 m²
675 €,Esch-sur-Alzette,13 m²
710 €,Luxembourg-Merl,9 m²
710 €,Luxembourg-Bonnevoie,13 m²
675 €,Crauthem,16 m²
615 €,Esch-sur-Alzette,16 m²
800 €,Bascharage,15 m²
800 €,Luxembourg-Centre ville,9 m²
750 €,Luxembourg-Centre ville,12 m²
700 €,Esch-sur-Alzette,15 m²
750 €,Esch-sur-Alzette,14 m²
700 €,Capellen,20 m²
650 €,Capellen,10 m²
700 €,Esch-sur-Alzette,18 m²
775 €,Luxembourg-Bonnevoie,10 m²
775 €,Luxembourg-Centre ville,10 m²
740 €,Senningerberg,20 m²
850 €,Luxembourg-Centre ville,19 m²
700 €,Leudelange,10 m²
740 €,Strassen,15 m²
750 €,Esch-sur-Alzette,13 m²
710 €,Luxembourg-Neudorf,10 m²
800 €,Luxembourg-Belair,12 m²
710 €,Luxembourg-Eich,11 m²
800 €,Bereldange,9 m²
800 €,Luxembourg-Neudorf,13 m²
725 €,Luxembourg-Eich,12 m²
900 €,Luxembourg-Cents,12 m²
950 €,Luxembourg-Neudorf,30 m²
850 €,Luxembourg-Centre ville,19 m²
750 €,Esch-sur-Alzette,15 m²
700 €,Esch-sur-Alzette,12 m²
950 €,Luxembourg-Centre ville,9 m²
750 €,Capellen,16 m²
800 €,Luxembourg-Eich,9 m²
950 €,Esch-sur-Alzette,13 m²
1 150 €,Luxembourg-Kirchberg,11 m²
1 200 €,Luxembourg-Centre ville,14 m²
1 000 €,Luxembourg-Neudorf,17 m²
800 €,Luxembourg-Eich,9 m²
800 €,Luxembourg-Cessange,13 m²
800 €,Luxembourg-Neudorf,10 m²
1 050 €,Luxembourg-Dommeldange,14 m²
1 200 €,Luxembourg-Bonnevoie,13 m²
900 €,Luxembourg-Eich,10 m²
800 €,Bereldange,15 m²
800 €,Luxembourg-Eich,15 m²
800 €,Esch-sur-Alzette,11 m²
800 €,Luxembourg-Neudorf,10 m²
750 €,Capellen,16 m²
750 €,Esch-sur-Alzette,15 m²
750 €,Capellen,14 m²
900 €,Reckange-Sur-Mess,33 m²
900 €,Senningerberg,20 m²
950 €,Esch-sur-Alzette,13 m²
1 050 €,Luxembourg-Dommeldange,14 m²
800 €,Luxembourg-Dommeldange,10 m²
800 €,Luxembourg-Gare,11 m²
1 200 €,Luxembourg-Gare,13 m²
950 €,Luxembourg-Rollingergrund,13 m²
950 €,Leudelange,16 m²
900 €,Luxembourg-Cents,12 m²
900 €,Reckange-Sur-Mess,33 m²
900 €,Luxembourg-Gare,16 m²
850 €,Senningerberg,15 m²
850 €,Luxembourg-Gare,19 m²
850 €,Luxembourg-Hollerich,12 m²
850 €,Luxembourg-Gare,11 m²
850 €,Luxembourg-Cessange,14 m²
800 €,Walferdange,15 m²
800 €,Senningerberg,12 m²
800 €,Luxembourg-Neudorf,10 m²
800 €,Luxembourg-Gare,13 m²
800 €,Luxembourg-Neudorf,11 m²
800 €,Luxembourg-Eich,11 m²
800 €,Luxembourg-Dommeldange,10 m²
750 €,Esch-sur-Alzette,15 m²
700 €,Esch-sur-Alzette,9 m²
800 €,Esch-sur-Alzette,12 m²
850 €,Luxembourg-Gasperich,11 m²
850 €,Luxembourg-Bonnevoie,13 m²
850 €,Luxembourg-Gare,12 m²
850 €,Luxembourg-Cessange,14 m²
850 €,Senningerberg,15 m²
900 €,Luxembourg-Gare,17 m²
900 €,Strassen,13 m²
900 €,Luxembourg-Eich,10 m²
1 200 €,Luxembourg-Gare,13 m²
950 €,Luxembourg-Cents,12 m²
950 €,Leudelange,16 m²
700 €,Capellen,11 m²
800 €,Esch-sur-Alzette,14 m²
800 €,Luxembourg-Gare,11 m²
850 €,Leudelange,11 m²
950 €,Luxembourg-Bonnevoie,9 m²
950 €,Luxembourg-Cents,26 m²
800 €,Bertrange,12 m²
800 €,Luxembourg-Cessange,9 m²
900 €,Luxembourg-Eich,10 m²
900 €,Luxembourg-Eich,12 m²
850 €,Mondercange,16 m²
850 €,Luxembourg-Bonnevoie,20 m²
850 €,Luxembourg-Limpertsberg,16 m²
1 200 €,Luxembourg-Limpertsberg,16 m²
800 €,Luxembourg-Bonnevoie,9 m²
800 €,Luxembourg-Eich,11 m²
800 €,Luxembourg-Cessange,11 m²
750 €,Capellen,18 m²
750 €,Esch-sur-Alzette,18 m²
700 €,Esch-sur-Alzette,11 m²
850 €,Leudelange,11 m²
1 000 €,Luxembourg-Eich,16 m²
850 €,Luxembourg-Rollingergrund,16 m²
750 €,Esch-sur-Alzette,18 m²
700 €,Esch-sur-Alzette,12 m²
800 €,Esch-sur-Alzette,12 m²
800 €,Luxembourg-Cessange,11 m²
900 €,Luxembourg-Eich,10 m²
900 €,Luxembourg-Eich,12 m²
800 €,Luxembourg-Eich,9 m²
800 €,Bertrange,12 m²
850 €,Luxembourg-Gare,11 m²
900 €,Reckange-Sur-Mess,33 m²
900 €,Luxembourg-Cents,12 m²
740 €,Bertrange,12 m²
750 €,Capellen,18 m²
700 €,Esch-sur-Alzette,11 m²
875 €,Luxembourg-Gare,10 m²
850 €,Luxembourg-Rollingergrund,10 m²
800 €,Luxembourg-Dommeldange,11 m²
850 €,Luxembourg-Gare,11 m²
850 €,Luxembourg-Belair,10 m²
800 €,Luxembourg-Centre ville,12 m²
850 €,Luxembourg-Rollingergrund,11 m²
950 €,Luxembourg-Gare,19 m²
950 €,Luxembourg-Cessange,13 m²
950 €,Luxembourg-Cents,16 m²
800 €,Luxembourg-Eich,12 m²
800 €,Luxembourg-Bonnevoie,9 m²
750 €,Bascharage,16 m²
750 €,Esch-sur-Alzette,12 m²
750 €,Esch-sur-Alzette,15 m²
750 €,Esch-sur-Alzette,15 m²
750 €,Esch-sur-Alzette,15 m²
950 €,Luxembourg-Bonnevoie,10 m²
950 €,Luxembourg-Bonnevoie,10 m²
950 €,Luxembourg-Bonnevoie,10 m²
1 200 €,Luxembourg-Neudorf,30 m²
1 200 €,Luxembourg-Neudorf,30 m²
950 €,Luxembourg-Gare,9 m²
850 €,Bascharage,14 m²
800 €,Esch-sur-Alzette,12 m²
750 €,Capellen,19 m²
900 €,Luxembourg-Gasperich,9 m²
800 €,Luxembourg-Centre ville,14 m²
900 €,Luxembourg-Centre ville,15 m²
740 €,Luxembourg-Centre ville,9 m²
750 €,Esch-sur-Alzette,14 m²
615 €,Esch-sur-Alzette,11 m²
700 €,Capellen,10 m²
740 €,Luxembourg-Centre ville,15 m²
740 €,Luxembourg-Neudorf,12 m²
800 €,Luxembourg-Bonnevoie,10 m²
850 €,Luxembourg-Centre ville,14 m²
700 €,Esch-sur-Alzette,12 m²
675 €,Esch-sur-Alzette,12 m²
750 €,Esch-sur-Alzette,12 m²
750 €,Esch-sur-Alzette,10 m²
700 €,Esch-sur-Alzette,9 m²
675 €,Esch-sur-Alzette,13 m²
675 €,Esch-sur-Alzette,15 m²
750 €,Esch-sur-Alzette,15 m²
800 €,Luxembourg-Limpertsberg,9 m²
900 €,Luxembourg-Eich,12 m²
900 €,Luxembourg-Eich,12 m²
900 €,Luxembourg-Bonnevoie,14 m²
750 €,Esch-sur-Alzette,13 m²
800 €,Luxembourg-Bonnevoie,12 m²
800 €,Luxembourg-Bonnevoie,9 m²
800 €,Luxembourg-Bonnevoie,10 m²
800 €,Luxembourg-Bonnevoie,10 m²
750 €,Esch-sur-Alzette,18 m²
750 €,Esch-sur-Alzette,18 m²
800 €,Esch-sur-Alzette,14 m²
850 €,Luxembourg-Bonnevoie,14 m²
850 €,Luxembourg-Bonnevoie,14 m²
800 €,Luxembourg-Cessange,12 m²
800 €,Luxembourg-Centre ville,10 m²
750 €,Esch-sur-Alzette,13 m²
750 €,Esch-sur-Alzette,13 m²
800 €,Luxembourg-Dommeldange,10 m²
800 €,Luxembourg-Dommeldange,10 m²
800 €,Luxembourg-Dommeldange,10 m²
750 €,Esch-sur-Alzette,14 m²
800 €,Luxembourg-Neudorf,11 m²
800 €,Luxembourg-Neudorf,10 m²
800 €,Luxembourg-Bonnevoie,12 m²
800 €,Luxembourg-Bonnevoie,15 m²
800 €,Luxembourg-Bonnevoie,11 m²
800 €,Luxembourg-Centre ville,11 m²
700 €,Esch-sur-Alzette,9 m²
850 €,Luxembourg-Gare,13 m²
850 €,Luxembourg-Gare,12 m²
800 €,Luxembourg-Cessange,9 m²
850 €,Luxembourg-Cessange,15 m²
750 €,Colmar-Berg,9 m²
1 100 €,Walferdange,28 m²
990 €,Luxembourg-Bonnevoie,12 m²
1 100 €,Luxembourg-Bonnevoie,15 m²
550 €,Esch-sur-Alzette,9 m²
600 €,Esch-sur-Alzette,10 m²
800 €,Luxembourg-Rollingergrund,12 m²
725 €,Luxembourg-Belair,15 m²
750 €,Luxembourg-Dommeldange,13 m²
675 €,Capellen,15 m²
750 €,Luxembourg-Dommeldange,11 m²
600 €,Esch-sur-Alzette,9 m²
825 €,Luxembourg-Dommeldange,14 m²
825 €,Luxembourg-Dommeldange,11 m²
800 €,Luxembourg-Dommeldange,9 m²
800 €,Luxembourg-Dommeldange,9 m²
825 €,Luxembourg-Dommeldange,10 m²
725 €,Howald,12 m²
740 €,Luxembourg-Bonnevoie,10 m²
740 €,Luxembourg-Centre ville,12 m²
615 €,Esch-sur-Alzette,9 m²
615 €,Esch-sur-Alzette,9 m²
800 €,Luxembourg-Rollingergrund,11 m²
950 €,Luxembourg-Rollingergrund,13 m²
800 €,Luxembourg-Rollingergrund,9 m²
700 €,Esch-sur-Alzette,10 m²
800 €,Luxembourg-Bonnevoie,10 m²
750 €,Helmsange,9 m²
850 €,Oberanven,15 m²
1 100 €,Luxembourg-Gare,28 m²
1 050 €,Luxembourg-Cents,13 m²
750 €,Colmar-Berg,7 m²
950 €,Strassen,21 m²
1 200 €,Niederkorn,15 m²
950 €,Luxembourg-Hollerich,16 m²
950 €,Luxembourg-Dommeldange,12 m²
1 125 €,Berchem,12 m²
800 €,Luxembourg-Rollingergrund,15 m²
800 €,Luxembourg-Centre ville,12 m²
800 €,Luxembourg-Centre ville,12 m²
800 €,Luxembourg-Centre ville,N/A
1 200 €,Heisdorf,20 m²
950 €,Godbrange,30 m²
1 070 €,Hobscheid,20 m²
1 050 €,Luxembourg-Belair,147 m²
850 €,Grevenmacher,17 m²
850 €,Dudelange,12 m²
1 200 €,Luxembourg-Rollingergrund,17 m²
1 000 €,Colmar-Berg,80 m²
800 €,Nommern,15 m²
800 €,Cruchten,15 m²
1 100 €,Luxembourg-Gare,24 m²
1 000 €,Colmar-Berg,80 m²
1 200 €,Luxembourg-Rollingergrund,17 m²
800 €,Nommern,15 m²
800 €,Cruchten,15 m²
1 100 €,Luxembourg-Gare,24 m²
1 200 €,Luxembourg-Rollingergrund,17 m²
1 000 €,Colmar-Berg,80 m²
800 €,Nommern,15 m²
800 €,Cruchten,15 m²
1 100 €,Luxembourg-Gare,24 m²
1 000 €,Colmar-Berg,80 m²
1 200 €,Luxembourg-Rollingergrund,17 m²
800 €,Nommern,15 m²
800 €,Cruchten,15 m²
1 100 €,Luxembourg-Gare,24 m²
1 000 €,Colmar-Berg,80 m²
1 200 €,Luxembourg-Rollingergrund,17 m²
800 €,Nommern,15 m²
800 €,Cruchten,15 m²
1 100 €,Luxembourg-Gare,24 m²
1 000 €,Colmar-Berg,80 m²
1 200 €,Luxembourg-Rollingergrund,17 m²
800 €,Nommern,15 m²
800 €,Cruchten,15 m²
1 100 €,Luxembourg-Gare,24 m²
1 000 €,Colmar-Berg,80 m²
1 200 €,Luxembourg-Rollingergrund,17 m²
800 €,Nommern,15 m²
800 €,Cruchten,15 m²
1 100 €,Luxembourg-Gare,24 m²
1 000 €,Colmar-Berg,80 m²
1 200 €,Luxembourg-Rollingergrund,17 m²
800 €,Nommern,15 m²
800 €,Cruchten,15 m²
1 100 €,Luxembourg-Gare,24 m²
1 200 €,Luxembourg-Rollingergrund,17 m²
1 000 €,Colmar-Berg,80 m²
800 €,Nommern,15 m²
800 €,Cruchten,15 m²
1 100 €,Luxembourg-Gare,24 m²
1 200 €,Luxembourg-Rollingergrund,17 m²
1 000 €,Colmar-Berg,80 m²
800 €,Nommern,15 m²
800 €,Cruchten,15 m²
1 100 €,Luxembourg-Gare,24 m²
1 000 €,Colmar-Berg,80 m²
1 200 €,Luxembourg-Rollingergrund,17 m²
800 €,Nommern,15 m²
800 €,Cruchten,15 m²
1 100 €,Luxembourg-Gare,24 m²
1 000 €,Colmar-Berg,80 m²
1 200 €,Luxembourg-Rollingergrund,17 m²
800 €,Nommern,15 m²
800 €,Cruchten,15 m²
1 100 €,Luxembourg-Gare,24 m²
1 200 €,Luxembourg-Rollingergrund,17 m²
1 000 €,Colmar-Berg,80 m²
800 €,Nommern,15 m²
800 €,Cruchten,15 m²
1 100 €,Luxembourg-Gare,24 m²
1 200 €,Luxembourg-Rollingergrund,17 m²
1 000 €,Colmar-Berg,80 m²
800 €,Nommern,15 m²
800 €,Cruchten,15 m²
1 100 €,Luxembourg-Gare,24 m²
1 200 €,Luxembourg-Rollingergrund,17 m²
1 000 €,Colmar-Berg,80 m²
800 €,Nommern,15 m²
800 €,Cruchten,15 m²
1 100 €,Luxembourg-Gare,24 m²
1 000 €,Colmar-Berg,80 m²
1 200 €,Luxembourg-Rollingergrund,17 m²
800 €,Nommern,15 m²
800 €,Cruchten,15 m²
1 100 €,Luxembourg-Gare,24 m²
1 000 €,Colmar-Berg,80 m²
1 200 €,Luxembourg-Rollingergrund,17 m²
800 €,Nommern,15 m²
800 €,Cruchten,15 m²
1 100 €,Luxembourg-Gare,24 m²
1 000 €,Colmar-Berg,80 m²
1 200 €,Luxembourg-Rollingergrund,17 m²
800 €,Nommern,15 m²
800 €,Cruchten,15 m²
1 100 €,Luxembourg-Gare,24 m²
1 200 €,Luxembourg-Rollingergrund,17 m²
1 000 €,Colmar-Berg,80 m²
800 €,Nommern,15 m²
800 €,Cruchten,15 m²
1 100 €,Luxembourg-Gare,24 m²
1 000 €,Colmar-Berg,80 m²
1 200 €,Luxembourg-Rollingergrund,17 m²
800 €,Nommern,15 m²
800 €,Cruchten,15 m²
1 100 €,Luxembourg-Gare,24 m²
1 000 €,Colmar-Berg,80 m²
1 200 €,Luxembourg-Rollingergrund,17 m²
800 €,Nommern,15 m²
800 €,Cruchten,15 m²
1 100 €,Luxembourg-Gare,24 m²
1 000 €,Colmar-Berg,80 m²
1 200 €,Luxembourg-Rollingergrund,17 m²
800 €,Nommern,15 m²
800 €,Cruchten,15 m²
1 100 €,Luxembourg-Gare,24 m²
1 000 €,Colmar-Berg,80 m²
1 200 €,Luxembourg-Rollingergrund,17 m²
800 €,Nommern,15 m²
800 €,Cruchten,15 m²
1 100 €,Luxembourg-Gare,24 m²
1 000 €,Colmar-Berg,80 m²
1 200 €,Luxembourg-Rollingergrund,17 m²
800 €,Nommern,15 m²
800 €,Cruchten,15 m²
1 100 €,Luxembourg-Gare,24 m²
1 200 €,Luxembourg-Rollingergrund,17 m²
1 000 €,Colmar-Berg,80 m²
800 €,Nommern,15 m²
800 €,Cruchten,15 m²
1 100 €,Luxembourg-Gare,24 m²
1 000 €,Colmar-Berg,80 m²
1 200 €,Luxembourg-Rollingergrund,17 m²
800 €,Nommern,15 m²
800 €,Cruchten,15 m²
1 100 €,Luxembourg-Gare,24 m²
1 000 €,Colmar-Berg,80 m²
1 200 €,Luxembourg-Rollingergrund,17 m²
800 €,Nommern,15 m²
800 €,Cruchten,15 m²
1 100 €,Luxembourg-Gare,24 m²
1 000 €,Colmar-Berg,80 m²
1 200 €,Luxembourg-Rollingergrund,17 m²
800 €,Nommern,15 m²
800 €,Cruchten,15 m²
1 100 €,Luxembourg-Gare,24 m²
1 000 €,Colmar-Berg,80 m²
1 200 €,Luxembourg-Rollingergrund,17 m²
800 €,Nommern,15 m²
800 €,Cruchten,15 m²
1 100 €,Luxembourg-Gare,24 m²
1 000 €,Colmar-Berg,80 m²
1 200 €,Luxembourg-Rollingergrund,17 m²
800 €,Nommern,15 m²
800 €,Cruchten,15 m²
1 100 €,Luxembourg-Gare,24 m²
1 200 €,Luxembourg-Rollingergrund,17 m²
1 000 €,Colmar-Berg,80 m²
800 €,Nommern,15 m²
800 €,Cruchten,15 m²
1 100 €,Luxembourg-Gare,24 m²
1 200 €,Luxembourg-Rollingergrund,17 m²
1 000 €,Colmar-Berg,80 m²
800 €,Nommern,15 m²
800 €,Cruchten,15 m²
1 100 €,Luxembourg-Gare,24 m²
1 000 €,Colmar-Berg,80 m²
1 200 €,Luxembourg-Rollingergrund,17 m²
800 €,Nommern,15 m²
800 €,Cruchten,15 m²
1 100 €,Luxembourg-Gare,24 m²
1 200 €,Luxembourg-Rollingergrund,17 m²
1 000 €,Colmar-Berg,80 m²
800 €,Nommern,15 m²
800 €,Cruchten,15 m²
1 100 €,Luxembourg-Gare,24 m²
1 200 €,Luxembourg-Rollingergrund,17 m²
1 000 €,Colmar-Berg,80 m²
800 €,Nommern,15 m²
800 €,Cruchten,15 m²
1 100 €,Luxembourg-Gare,24 m²
1 000 €,Colmar-Berg,80 m²
1 200 €,Luxembourg-Rollingergrund,17 m²
800 €,Nommern,15 m²
800 €,Cruchten,15 m²
1 100 €,Luxembourg-Gare,24 m²
1 200 €,Luxembourg-Rollingergrund,17 m²
1 000 €,Colmar-Berg,80 m²
800 €,Nommern,15 m²
800 €,Cruchten,15 m²
1 100 €,Luxembourg-Gare,24 m²
1 000 €,Colmar-Berg,80 m²
1 200 €,Luxembourg-Rollingergrund,17 m²
800 €,Nommern,15 m²
800 €,Cruchten,15 m²
1 100 €,Luxembourg-Gare,24 m²
1 000 €,Colmar-Berg,80 m²
1 200 €,Luxembourg-Rollingergrund,17 m²
800 €,Nommern,15 m²
800 €,Cruchten,15 m²
1 100 €,Luxembourg-Gare,24 m²
1 000 €,Colmar-Berg,80 m²
1 200 €,Luxembourg-Rollingergrund,17 m²
800 €,Nommern,15 m²
800 €,Cruchten,15 m²
1 100 €,Luxembourg-Gare,24 m²
1 000 €,Colmar-Berg,80 m²
1 200 €,Luxembourg-Rollingergrund,17 m²
800 €,Nommern,15 m²
800 €,Cruchten,15 m²
1 100 €,Luxembourg-Gare,24 m²
1 200 €,Luxembourg-Rollingergrund,17 m²
1 000 €,Colmar-Berg,80 m²
800 €,Nommern,15 m²
800 €,Cruchten,15 m²
1 100 €,Luxembourg-Gare,24 m²
1 000 €,Colmar-Berg,80 m²
1 200 €,Luxembourg-Rollingergrund,17 m²
800 €,Nommern,15 m²
800 €,Cruchten,15 m²
1 100 €,Luxembourg-Gare,24 m²
1 200 €,Luxembourg-Rollingergrund,17 m²
1 000 €,Colmar-Berg,80 m²
800 €,Nommern,15 m²
800 €,Cruchten,15 m²
1 100 €,Luxembourg-Gare,24 m²
1 000 €,Colmar-Berg,80 m²
1 200 €,Luxembourg-Rollingergrund,17 m²
800 €,Nommern,15 m²
800 €,Cruchten,15 m²
1 100 €,Luxembourg-Gare,24 m²
1 000 €,Colmar-Berg,80 m²
1 200 €,Luxembourg-Rollingergrund,17 m²
800 €,Nommern,15 m²
800 €,Cruchten,15 m²
1 100 €,Luxembourg-Gare,24 m²
1 000 €,Colmar-Berg,80 m²
1 200 €,Luxembourg-Rollingergrund,17 m²
800 €,Nommern,15 m²
800 €,Cruchten,15 m²
1 100 €,Luxembourg-Gare,24 m²
1 000 €,Colmar-Berg,80 m²
1 200 €,Luxembourg-Rollingergrund,17 m²
800 €,Nommern,15 m²
800 €,Cruchten,15 m²
1 100 €,Luxembourg-Gare,24 m²
1 200 €,Luxembourg-Rollingergrund,17 m²
1 000 €,Colmar-Berg,80 m²
800 €,Nommern,15 m²
800 €,Cruchten,15 m²
1 100 €,Luxembourg-Gare,24 m²
1 000 €,Colmar-Berg,80 m²
1 200 €,Luxembourg-Rollingergrund,17 m²
800 €,Nommern,15 m²
800 €,Cruchten,15 m²
1 100 €,Luxembourg-Gare,24 m²
1 000 €,Colmar-Berg,80 m²
1 200 €,Luxembourg-Rollingergrund,17 m²
800 €,Nommern,15 m²
800 €,Cruchten,15 m²
1 100 €,Luxembourg-Gare,24 m²
1 200 €,Luxembourg-Rollingergrund,17 m²
1 000 €,Colmar-Berg,80 m²
800 €,Nommern,15 m²
800 €,Cruchten,15 m²
1 100 €,Luxembourg-Gare,24 m²
1 000 €,Colmar-Berg,80 m²
1 200 €,Luxembourg-Rollingergrund,17 m²
800 €,Nommern,15 m²
800 €,Cruchten,15 m²
1 100 €,Luxembourg-Gare,24 m²
1 000 €,Colmar-Berg,80 m²
1 200 €,Luxembourg-Rollingergrund,17 m²
800 €,Nommern,15 m²
800 €,Cruchten,15 m²
1 100 €,Luxembourg-Gare,24 m²
1 200 €,Luxembourg-Rollingergrund,17 m²
1 000 €,Colmar-Berg,80 m²
800 €,Nommern,15 m²
800 €,Cruchten,15 m²
1 100 €,Luxembourg-Gare,24 m²
1 000 €,Colmar-Berg,80 m²
1 200 €,Luxembourg-Rollingergrund,17 m²
800 €,Nommern,15 m²
800 €,Cruchten,15 m²
1 100 €,Luxembourg-Gare,24 m²
1 000 €,Colmar-Berg,80 m²
1 200 €,Luxembourg-Rollingergrund,17 m²
800 €,Nommern,15 m²
800 €,Cruchten,15 m²
1 100 €,Luxembourg-Gare,24 m²
1 000 €,Colmar-Berg,80 m²
1 200 €,Luxembourg-Rollingergrund,17 m²
800 €,Nommern,15 m²
800 €,Cruchten,15 m²
1 100 €,Luxembourg-Gare,24 m²
1 000 €,Colmar-Berg,80 m²
1 200 €,Luxembourg-Rollingergrund,17 m²
800 €,Nommern,15 m²
800 €,Cruchten,15 m²
1 100 €,Luxembourg-Gare,24 m²
1 200 €,Luxembourg-Rollingergrund,17 m²
1 000 €,Colmar-Berg,80 m²
800 €,Nommern,15 m²
800 €,Cruchten,15 m²
1 100 €,Luxembourg-Gare,24 m²
1 000 €,Colmar-Berg,80 m²
1 200 €,Luxembourg-Rollingergrund,17 m²
800 €,Nommern,15 m²
800 €,Cruchten,15 m²
1 100 €,Luxembourg-Gare,24 m²
1 200 €,Luxembourg-Rollingergrund,17 m²
1 000 €,Colmar-Berg,80 m²
800 €,Nommern,15 m²
800 €,Cruchten,15 m²
1 100 €,Luxembourg-Gare,24 m²
1 000 €,Colmar-Berg,80 m²
1 200 €,Luxembourg-Rollingergrund,17 m²
800 €,Nommern,15 m²
800 €,Cruchten,15 m²
1 100 €,Luxembourg-Gare,24 m²
1 000 €,Colmar-Berg,80 m²
1 200 €,Luxembourg-Rollingergrund,17 m²
800 €,Nommern,15 m²
800 €,Cruchten,15 m²
1 100 €,Luxembourg-Gare,24 m²
1 000 €,Colmar-Berg,80 m²
1 200 €,Luxembourg-Rollingergrund,17 m²
800 €,Nommern,15 m²
800 €,Cruchten,15 m²
1 100 €,Luxembourg-Gare,24 m²
1 200 €,Luxembourg-Rollingergrund,17 m²
1 000 €,Colmar-Berg,80 m²
800 €,Nommern,15 m²
800 €,Cruchten,15 m²
1 100 €,Luxembourg-Gare,24 m²
1 200 €,Luxembourg-Rollingergrund,17 m²
1 000 €,Colmar-Berg,80 m²
800 €,Nommern,15 m²
800 €,Cruchten,15 m²
1 100 €,Luxembourg-Gare,24 m²
1 200 €,Luxembourg-Rollingergrund,17 m²
1 000 €,Colmar-Berg,80 m²
800 €,Nommern,15 m²
800 €,Cruchten,15 m²
1 100 €,Luxembourg-Gare,24 m²
1 000 €,Colmar-Berg,80 m²
1 200 €,Luxembourg-Rollingergrund,17 m²
800 €,Nommern,15 m²
800 €,Cruchten,15 m²
1 100 €,Luxembourg-Gare,24 m²
1 000 €,Colmar-Berg,80 m²
1 200 €,Luxembourg-Rollingergrund,17 m²
800 €,Nommern,15 m²
800 €,Cruchten,15 m²
1 100 €,Luxembourg-Gare,24 m²
1 200 €,Luxembourg-Rollingergrund,17 m²
1 000 €,Colmar-Berg,80 m²
800 €,Nommern,15 m²
800 €,Cruchten,15 m²
1 100 €,Luxembourg-Gare,24 m²
1 200 €,Luxembourg-Rollingergrund,17 m²
1 000 €,Colmar-Berg,80 m²
800 €,Nommern,15 m²
800 €,Cruchten,15 m²
1 100 €,Luxembourg-Gare,24 m²
1 000 €,Colmar-Berg,80 m²
1 200 €,Luxembourg-Rollingergrund,17 m²
800 €,Nommern,15 m²
800 €,Cruchten,15 m²
1 100 €,Luxembourg-Gare,24 m²
1 000 €,Colmar-Berg,80 m²
1 200 €,Luxembourg-Rollingergrund,17 m²
800 €,Nommern,15 m²
800 €,Cruchten,15 m²
1 100 €,Luxembourg-Gare,24 m²
1 000 €,Colmar-Berg,80 m²
1 200 €,Luxembourg-Rollingergrund,17 m²
800 €,Nommern,15 m²
800 €,Cruchten,15 m²
1 100 €,Luxembourg-Gare,24 m²
1 000 €,Colmar-Berg,80 m²
1 200 €,Luxembourg-Rollingergrund,17 m²
800 €,Nommern,15 m²
800 €,Cruchten,15 m²
1 100 €,Luxembourg-Gare,24 m²
1 200 €,Luxembourg-Rollingergrund,17 m²
1 000 €,Colmar-Berg,80 m²
800 €,Nommern,15 m²
800 €,Cruchten,15 m²
1 100 €,Luxembourg-Gare,24 m²
1 000 €,Colmar-Berg,80 m²
1 200 €,Luxembourg-Rollingergrund,17 m²
800 €,Nommern,15 m²
800 €,Cruchten,15 m²
1 100 €,Luxembourg-Gare,24 m²
1 200 €,Luxembourg-Rollingergrund,17 m²
1 000 €,Colmar-Berg,80 m²
800 €,Nommern,15 m²
800 €,Cruchten,15 m²
1 100 €,Luxembourg-Gare,24 m²
1 200 €,Luxembourg-Rollingergrund,17 m²
1 000 €,Colmar-Berg,80 m²
800 €,Nommern,15 m²
800 €,Cruchten,15 m²
1 100 €,Luxembourg-Gare,24 m²
1 200 €,Luxembourg-Rollingergrund,17 m²
1 000 €,Colmar-Berg,80 m²
800 €,Nommern,15 m²
800 €,Cruchten,15 m²
1 100 €,Luxembourg-Gare,24 m²
1 000 €,Colmar-Berg,80 m²
1 200 €,Luxembourg-Rollingergrund,17 m²
800 €,Nommern,15 m²
800 €,Cruchten,15 m²
1 100 €,Luxembourg-Gare,24 m²
1 000 €,Colmar-Berg,80 m²
1 200 €,Luxembourg-Rollingergrund,17 m²
800 €,Nommern,15 m²
800 €,Cruchten,15 m²
1 100 €,Luxembourg-Gare,24 m²
1 000 €,Colmar-Berg,80 m²
1 200 €,Luxembourg-Rollingergrund,17 m²
800 €,Nommern,15 m²
800 €,Cruchten,15 m²
1 100 €,Luxembourg-Gare,24 m²
1 200 €,Luxembourg-Rollingergrund,17 m²
1 000 €,Colmar-Berg,80 m²
800 €,Nommern,15 m²
800 €,Cruchten,15 m²
1 100 €,Luxembourg-Gare,24 m²
1 000 €,Colmar-Berg,80 m²
1 200 €,Luxembourg-Rollingergrund,17 m²
800 €,Nommern,15 m²
800 €,Cruchten,15 m²
1 100 €,Luxembourg-Gare,24 m²
1 000 €,Colmar-Berg,80 m²
1 200 €,Luxembourg-Rollingergrund,17 m²
800 €,Nommern,15 m²
800 €,Cruchten,15 m²
1 100 €,Luxembourg-Gare,24 m²
1 200 €,Luxembourg-Rollingergrund,17 m²
1 000 €,Colmar-Berg,80 m²
800 €,Nommern,15 m²
800 €,Cruchten,15 m²
1 100 €,Luxembourg-Gare,24 m²
1 200 €,Luxembourg-Rollingergrund,17 m²
1 000 €,Colmar-Berg,80 m²
800 €,Nommern,15 m²
800 €,Cruchten,15 m²
1 100 €,Luxembourg-Gare,24 m²
1 000 €,Colmar-Berg,80 m²
1 200 €,Luxembourg-Rollingergrund,17 m²
800 €,Nommern,15 m²
800 €,Cruchten,15 m²
1 100 €,Luxembourg-Gare,24 m²
1 200 €,Luxembourg-Rollingergrund,17 m²
1 000 €,Colmar-Berg,80 m²
800 €,Nommern,15 m²
800 €,Cruchten,15 m²
1 100 €,Luxembourg-Gare,24 m²
1 000 €,Colmar-Berg,80 m²
1 200 €,Luxembourg-Rollingergrund,17 m²
800 €,Nommern,15 m²
800 €,Cruchten,15 m²
1 100 €,Luxembourg-Gare,24 m²
1 000 €,Colmar-Berg,80 m²
1 200 €,Luxembourg-Rollingergrund,17 m²
800 €,Nommern,15 m²
800 €,Cruchten,15 m²
1 100 €,Luxembourg-Gare,24 m²
1 000 €,Colmar-Berg,80 m²
1 200 €,Luxembourg-Rollingergrund,17 m²
800 €,Nommern,15 m²
800 €,Cruchten,15 m²
1 100 €,Luxembourg-Gare,24 m²
1 200 €,Luxembourg-Rollingergrund,17 m²
1 000 €,Colmar-Berg,80 m²
800 €,Nommern,15 m²
800 €,Cruchten,15 m²
1 100 €,Luxembourg-Gare,24 m²
1 000 €,Colmar-Berg,80 m²
1 200 €,Luxembourg-Rollingergrund,17 m²
800 €,Nommern,15 m²
800 €,Cruchten,15 m²
1 100 €,Luxembourg-Gare,24 m²
1 000 €,Colmar-Berg,80 m²
1 200 €,Luxembourg-Rollingergrund,17 m²
800 €,Nommern,15 m²
800 €,Cruchten,15 m²
1 100 €,Luxembourg-Gare,24 m²
1 000 €,Colmar-Berg,80 m²
1 200 €,Luxembourg-Rollingergrund,17 m²
800 €,Nommern,15 m²
800 €,Cruchten,15 m²
1 100 €,Luxembourg-Gare,24 m²
1 000 €,Colmar-Berg,80 m²
1 200 €,Luxembourg-Rollingergrund,17 m²
800 €,Nommern,15 m²
800 €,Cruchten,15 m²
1 100 €,Luxembourg-Gare,24 m²
1 000 €,Colmar-Berg,80 m²
1 200 €,Luxembourg-Rollingergrund,17 m²
800 €,Nommern,15 m²
800 €,Cruchten,15 m²
1 100 €,Luxembourg-Gare,24 m²
1 200 €,Luxembourg-Rollingergrund,17 m²
1 000 €,Colmar-Berg,80 m²
800 €,Nommern,15 m²
800 €,Cruchten,15 m²
1 100 €,Luxembourg-Gare,24 m²
1 000 €,Colmar-Berg,80 m²
1 200 €,Luxembourg-Rollingergrund,17 m²
800 €,Nommern,15 m²
800 €,Cruchten,15 m²
1 100 €,Luxembourg-Gare,24 m²
1 200 €,Luxembourg-Rollingergrund,17 m²
1 000 €,Colmar-Berg,80 m²
800 €,Nommern,15 m²
800 €,Cruchten,15 m²
1 100 €,Luxembourg-Gare,24 m²
1 000 €,Colmar-Berg,80 m²
1 200 €,Luxembourg-Rollingergrund,17 m²
800 €,Nommern,15 m²
800 €,Cruchten,15 m²
1 100 €,Luxembourg-Gare,24 m²
1 200 €,Luxembourg-Rollingergrund,17 m²
1 000 €,Colmar-Berg,80 m²
800 €,Nommern,15 m²
800 €,Cruchten,15 m²
1 100 €,Luxembourg-Gare,24 m²
1 000 €,Colmar-Berg,80 m²
1 200 €,Luxembourg-Rollingergrund,17 m²
800 €,Nommern,15 m²
800 €,Cruchten,15 m²
1 100 €,Luxembourg-Gare,24 m²
1 000 €,Colmar-Berg,80 m²
1 200 €,Luxembourg-Rollingergrund,17 m²
800 €,Nommern,15 m²
800 €,Cruchten,15 m²
1 100 €,Luxembourg-Gare,24 m²
1 000 €,Colmar-Berg,80 m²
1 200 €,Luxembourg-Rollingergrund,17 m²
800 €,Nommern,15 m²
800 €,Cruchten,15 m²
1 100 €,Luxembourg-Gare,24 m²
1 000 €,Colmar-Berg,80 m²
1 200 €,Luxembourg-Rollingergrund,17 m²
800 €,Nommern,15 m²
800 €,Cruchten,15 m²
1 100 €,Luxembourg-Gare,24 m²
1 000 €,Colmar-Berg,80 m²
1 200 €,Luxembourg-Rollingergrund,17 m²
800 €,Nommern,15 m²
800 €,Cruchten,15 m²
1 100 €,Luxembourg-Gare,24 m²
1 200 €,Luxembourg-Rollingergrund,17 m²
1 000 €,Colmar-Berg,80 m²
800 €,Nommern,15 m²
800 €,Cruchten,15 m²
1 100 €,Luxembourg-Gare,24 m²
1 000 €,Colmar-Berg,80 m²
1 200 €,Luxembourg-Rollingergrund,17 m²
800 €,Nommern,15 m²
800 €,Cruchten,15 m²
1 100 €,Luxembourg-Gare,24 m²
1 000 €,Colmar-Berg,80 m²
1 200 €,Luxembourg-Rollingergrund,17 m²
800 €,Nommern,15 m²
800 €,Cruchten,15 m²
1 100 €,Luxembourg-Gare,24 m²
1 200 €,Luxembourg-Rollingergrund,17 m²
1 000 €,Colmar-Berg,80 m²
800 €,Nommern,15 m²
800 €,Cruchten,15 m²
1 100 €,Luxembourg-Gare,24 m²
1 000 €,Colmar-Berg,80 m²
1 200 €,Luxembourg-Rollingergrund,17 m²
800 €,Nommern,15 m²
800 €,Cruchten,15 m²
1 100 €,Luxembourg-Gare,24 m²
1 000 €,Colmar-Berg,80 m²
1 200 €,Luxembourg-Rollingergrund,17 m²
800 €,Nommern,15 m²
800 €,Cruchten,15 m²
1 100 €,Luxembourg-Gare,24 m²
1 200 €,Luxembourg-Rollingergrund,17 m²
1 000 €,Colmar-Berg,80 m²
800 €,Nommern,15 m²
800 €,Cruchten,15 m²
1 100 €,Luxembourg-Gare,24 m²
1 200 €,Luxembourg-Rollingergrund,17 m²
1 000 €,Colmar-Berg,80 m²
800 €,Nommern,15 m²
800 €,Cruchten,15 m²
1 100 €,Luxembourg-Gare,24 m²
1 000 €,Colmar-Berg,80 m²
1 200 €,Luxembourg-Rollingergrund,17 m²
800 €,Nommern,15 m²
800 €,Cruchten,15 m²
1 100 €,Luxembourg-Gare,24 m²
1 200 €,Luxembourg-Rollingergrund,17 m²
1 000 €,Colmar-Berg,80 m²
800 €,Nommern,15 m²
800 €,Cruchten,15 m²
1 100 €,Luxembourg-Gare,24 m²
1 000 €,Colmar-Berg,80 m²
1 200 €,Luxembourg-Rollingergrund,17 m²
800 €,Nommern,15 m²
800 €,Cruchten,15 m²
1 100 €,Luxembourg-Gare,24 m²
1 200 €,Luxembourg-Rollingergrund,17 m²
1 000 €,Colmar-Berg,80 m²
800 €,Nommern,15 m²
800 €,Cruchten,15 m²
1 100 €,Luxembourg-Gare,24 m²
1 000 €,Colmar-Berg,80 m²
1 200 €,Luxembourg-Rollingergrund,17 m²
800 €,Nommern,15 m²
800 €,Cruchten,15 m²
1 100 €,Luxembourg-Gare,24 m²
1 000 €,Colmar-Berg,80 m²
1 200 €,Luxembourg-Rollingergrund,17 m²
800 €,Nommern,15 m²
800 €,Cruchten,15 m²
1 100 €,Luxembourg-Gare,24 m²
1 200 €,Luxembourg-Rollingergrund,17 m²
1 000 €,Colmar-Berg,80 m²
800 €,Nommern,15 m²
800 €,Cruchten,15 m²
1 100 €,Luxembourg-Gare,24 m²
1 200 €,Luxembourg-Rollingergrund,17 m²
1 000 €,Colmar-Berg,80 m²
800 €,Nommern,15 m²
800 €,Cruchten,15 m²
1 100 €,Luxembourg-Gare,24 m²
1 000 €,Colmar-Berg,80 m²
1 200 €,Luxembourg-Rollingergrund,17 m²
800 €,Nommern,15 m²
800 €,Cruchten,15 m²
1 100 €,Luxembourg-Gare,24 m²
1 000 €,Colmar-Berg,80 m²
1 200 €,Luxembourg-Rollingergrund,17 m²
800 €,Nommern,15 m²
800 €,Cruchten,15 m²
1 100 €,Luxembourg-Gare,24 m²
1 000 €,Colmar-Berg,80 m²
1 200 €,Luxembourg-Rollingergrund,17 m²
800 €,Nommern,15 m²
800 €,Cruchten,15 m²
1 100 €,Luxembourg-Gare,24 m²
1 000 €,Colmar-Berg,80 m²
1 200 €,Luxembourg-Rollingergrund,17 m²
800 €,Nommern,15 m²
800 €,Cruchten,15 m²
1 100 €,Luxembourg-Gare,24 m²
1 000 €,Colmar-Berg,80 m²
1 200 €,Luxembourg-Rollingergrund,17 m²
800 €,Nommern,15 m²
800 €,Cruchten,15 m²
1 100 €,Luxembourg-Gare,24 m²
1 200 €,Luxembourg-Rollingergrund,17 m²
1 000 €,Colmar-Berg,80 m²
800 €,Nommern,15 m²
800 €,Cruchten,15 m²
1 100 €,Luxembourg-Gare,24 m²
1 000 €,Colmar-Berg,80 m²
1 200 €,Luxembourg-Rollingergrund,17 m²
800 €,Nommern,15 m²
800 €,Cruchten,15 m²
1 100 €,Luxembourg-Gare,24 m²
1 000 €,Colmar-Berg,80 m²
1 200 €,Luxembourg-Rollingergrund,17 m²
800 €,Nommern,15 m²
800 €,Cruchten,15 m²
1 100 €,Luxembourg-Gare,24 m²
1 000 €,Colmar-Berg,80 m²
1 200 €,Luxembourg-Rollingergrund,17 m²
800 €,Nommern,15 m²
800 €,Cruchten,15 m²
1 100 €,Luxembourg-Gare,24 m²
1 000 €,Colmar-Berg,80 m²
1 200 €,Luxembourg-Rollingergrund,17 m²
800 €,Nommern,15 m²
800 €,Cruchten,15 m²
1 100 €,Luxembourg-Gare,24 m²
1 200 €,Luxembourg-Rollingergrund,17 m²
1 000 €,Colmar-Berg,80 m²
800 €,Nommern,15 m²
800 €,Cruchten,15 m²
1 100 €,Luxembourg-Gare,24 m²
1 000 €,Colmar-Berg,80 m²
1 200 €,Luxembourg-Rollingergrund,17 m²
800 €,Nommern,15 m²
800 €,Cruchten,15 m²
1 100 €,Luxembourg-Gare,24 m²
1 200 €,Luxembourg-Rollingergrund,17 m²
1 000 €,Colmar-Berg,80 m²
800 €,Nommern,15 m²
800 €,Cruchten,15 m²
1 100 €,Luxembourg-Gare,24 m²
1 000 €,Colmar-Berg,80 m²
1 200 €,Luxembourg-Rollingergrund,17 m²
800 €,Nommern,15 m²
800 €,Cruchten,15 m²
1 100 €,Luxembourg-Gare,24 m²
1 200 €,Luxembourg-Rollingergrund,17 m²
1 000 €,Colmar-Berg,80 m²
800 €,Nommern,15 m²
800 €,Cruchten,15 m²
1 100 €,Luxembourg-Gare,24 m²
1 000 €,Colmar-Berg,80 m²
1 200 €,Luxembourg-Rollingergrund,17 m²
800 €,Nommern,15 m²
800 €,Cruchten,15 m²
1 100 €,Luxembourg-Gare,24 m²
1 000 €,Colmar-Berg,80 m²
1 200 €,Luxembourg-Rollingergrund,17 m²
800 €,Nommern,15 m²
800 €,Cruchten,15 m²
1 100 €,Luxembourg-Gare,24 m²
1 200 €,Luxembourg-Rollingergrund,17 m²
1 000 €,Colmar-Berg,80 m²
800 €,Nommern,15 m²
800 €,Cruchten,15 m²
1 100 €,Luxembourg-Gare,24 m²
1 000 €,Colmar-Berg,80 m²
1 200 €,Luxembourg-Rollingergrund,17 m²
800 €,Nommern,15 m²
800 €,Cruchten,15 m²
1 100 €,Luxembourg-Gare,24 m²
1 200 €,Luxembourg-Rollingergrund,17 m²
1 000 €,Colmar-Berg,80 m²
800 €,Nommern,15 m²
800 €,Cruchten,15 m²
1 100 €,Luxembourg-Gare,24 m²
1 200 €,Luxembourg-Rollingergrund,17 m²
1 000 €,Colmar-Berg,80 m²
800 €,Nommern,15 m²
800 €,Cruchten,15 m²
1 100 €,Luxembourg-Gare,24 m²
1 000 €,Colmar-Berg,80 m²
1 200 €,Luxembourg-Rollingergrund,17 m²
800 €,Nommern,15 m²
800 €,Cruchten,15 m²
1 100 €,Luxembourg-Gare,24 m²
1 200 €,Luxembourg-Rollingergrund,17 m²
1 000 €,Colmar-Berg,80 m²
800 €,Nommern,15 m²
800 €,Cruchten,15 m²
1 100 €,Luxembourg-Gare,24 m²
1 200 €,Luxembourg-Rollingergrund,17 m²
1 000 €,Colmar-Berg,80 m²
800 €,Nommern,15 m²
800 €,Cruchten,15 m²
1 100 €,Luxembourg-Gare,24 m²
1 200 €,Luxembourg-Rollingergrund,17 m²
1 000 €,Colmar-Berg,80 m²
800 €,Nommern,15 m²
800 €,Cruchten,15 m²
1 100 €,Luxembourg-Gare,24 m²
1 000 €,Colmar-Berg,80 m²
1 200 €,Luxembourg-Rollingergrund,17 m²
800 €,Nommern,15 m²
800 €,Cruchten,15 m²
1 100 €,Luxembourg-Gare,24 m²
1 000 €,Colmar-Berg,80 m²
1 200 €,Luxembourg-Rollingergrund,17 m²
800 €,Nommern,15 m²
800 €,Cruchten,15 m²
1 100 €,Luxembourg-Gare,24 m²
1 000 €,Colmar-Berg,80 m²
1 200 €,Luxembourg-Rollingergrund,17 m²
800 €,Nommern,15 m²
800 €,Cruchten,15 m²
1 100 €,Luxembourg-Gare,24 m²
1 200 €,Luxembourg-Rollingergrund,17 m²
1 000 €,Colmar-Berg,80 m²
800 €,Nommern,15 m²
800 €,Cruchten,15 m²
1 100 €,Luxembourg-Gare,24 m²
1 000 €,Colmar-Berg,80 m²
1 200 €,Luxembourg-Rollingergrund,17 m²
800 €,Nommern,15 m²
800 €,Cruchten,15 m²
1 100 €,Luxembourg-Gare,24 m²
1 200 €,Luxembourg-Rollingergrund,17 m²
1 000 €,Colmar-Berg,80 m²
800 €,Nommern,15 m²
800 €,Cruchten,15 m²
1 100 €,Luxembourg-Gare,24 m²
1 000 €,Colmar-Berg,80 m²
1 200 €,Luxembourg-Rollingergrund,17 m²
800 €,Nommern,15 m²
800 €,Cruchten,15 m²
1 100 €,Luxembourg-Gare,24 m²
1 200 €,Luxembourg-Rollingergrund,17 m²
1 000 €,Colmar-Berg,80 m²
800 €,Nommern,15 m²
800 €,Cruchten,15 m²
1 100 €,Luxembourg-Gare,24 m²
1 200 €,Luxembourg-Rollingergrund,17 m²
1 000 €,Colmar-Berg,80 m²
800 €,Nommern,15 m²
800 €,Cruchten,15 m²
1 100 €,Luxembourg-Gare,24 m²
1 000 €,Colmar-Berg,80 m²
1 200 €,Luxembourg-Rollingergrund,17 m²
800 €,Nommern,15 m²
800 €,Cruchten,15 m²
1 100 €,Luxembourg-Gare,24 m²
1 000 €,Colmar-Berg,80 m²
1 200 €,Luxembourg-Rollingergrund,17 m²
800 €,Nommern,15 m²
800 €,Cruchten,15 m²
1 100 €,Luxembourg-Gare,24 m²
1 000 €,Colmar-Berg,80 m²
1 200 €,Luxembourg-Rollingergrund,17 m²
800 €,Nommern,15 m²
800 €,Cruchten,15 m²
1 100 €,Luxembourg-Gare,24 m²
1 000 €,Colmar-Berg,80 m²
1 200 €,Luxembourg-Rollingergrund,17 m²
800 €,Nommern,15 m²
800 €,Cruchten,15 m²
1 100 €,Luxembourg-Gare,24 m²
1 000 €,Colmar-Berg,80 m²
1 200 €,Luxembourg-Rollingergrund,17 m²
800 €,Nommern,15 m²
800 €,Cruchten,15 m²
1 100 €,Luxembourg-Gare,24 m²
1 000 €,Colmar-Berg,80 m²
1 200 €,Luxembourg-Rollingergrund,17 m²
800 €,Nommern,15 m²
800 €,Cruchten,15 m²
1 100 €,Luxembourg-Gare,24 m²
1 200 €,Luxembourg-Rollingergrund,17 m²
1 000 €,Colmar-Berg,80 m²
800 €,Nommern,15 m²
800 €,Cruchten,15 m²
1 100 €,Luxembourg-Gare,24 m²
1 200 €,Luxembourg-Rollingergrund,17 m²
1 000 €,Colmar-Berg,80 m²
800 €,Nommern,15 m²
800 €,Cruchten,15 m²
1 100 €,Luxembourg-Gare,24 m²
1 200 €,Luxembourg-Rollingergrund,17 m²
1 000 €,Colmar-Berg,80 m²
800 €,Nommern,15 m²
800 €,Cruchten,15 m²
1 100 €,Luxembourg-Gare,24 m²
1 200 €,Luxembourg-Rollingergrund,17 m²
1 000 €,Colmar-Berg,80 m²
800 €,Nommern,15 m²
800 €,Cruchten,15 m²
1 100 €,Luxembourg-Gare,24 m²
1 200 €,Luxembourg-Rollingergrund,17 m²
1 000 €,Colmar-Berg,80 m²
800 €,Nommern,15 m²
800 €,Cruchten,15 m²
1 100 €,Luxembourg-Gare,24 m²
1 000 €,Colmar-Berg,80 m²
1 200 €,Luxembourg-Rollingergrund,17 m²
800 €,Nommern,15 m²
800 €,Cruchten,15 m²
1 100 €,Luxembourg-Gare,24 m²
1 200 €,Luxembourg-Rollingergrund,17 m²
1 000 €,Colmar-Berg,80 m²
800 €,Nommern,15 m²
800 €,Cruchten,15 m²
1 100 €,Luxembourg-Gare,24 m²
1 000 €,Colmar-Berg,80 m²
1 200 €,Luxembourg-Rollingergrund,17 m²
800 €,Nommern,15 m²
800 €,Cruchten,15 m²
1 100 €,Luxembourg-Gare,24 m²
1 000 €,Colmar-Berg,80 m²
1 200 €,Luxembourg-Rollingergrund,17 m²
800 €,Nommern,15 m²
800 €,Cruchten,15 m²
1 100 €,Luxembourg-Gare,24 m²
1 200 €,Luxembourg-Rollingergrund,17 m²
1 000 €,Colmar-Berg,80 m²
800 €,Nommern,15 m²
800 €,Cruchten,15 m²
1 100 €,Luxembourg-Gare,24 m²
1 000 €,Colmar-Berg,80 m²
1 200 €,Luxembourg-Rollingergrund,17 m²
800 €,Nommern,15 m²
800 €,Cruchten,15 m²
1 100 €,Luxembourg-Gare,24 m²
1 200 €,Luxembourg-Rollingergrund,17 m²
1 000 €,Colmar-Berg,80 m²
800 €,Nommern,15 m²
800 €,Cruchten,15 m²
1 100 €,Luxembourg-Gare,24 m²
1 200 €,Luxembourg-Rollingergrund,17 m²
1 000 €,Colmar-Berg,80 m²
800 €,Nommern,15 m²
800 €,Cruchten,15 m²
1 100 €,Luxembourg-Gare,24 m²
1 000 €,Colmar-Berg,80 m²
1 200 €,Luxembourg-Rollingergrund,17 m²
800 €,Nommern,15 m²
800 €,Cruchten,15 m²
1 100 €,Luxembourg-Gare,24 m²
1 000 €,Colmar-Berg,80 m²
1 200 €,Luxembourg-Rollingergrund,17 m²
800 €,Nommern,15 m²
800 €,Cruchten,15 m²
1 100 €,Luxembourg-Gare,24 m²
1 000 €,Colmar-Berg,80 m²
1 200 €,Luxembourg-Rollingergrund,17 m²
800 €,Nommern,15 m²
800 €,Cruchten,15 m²
1 100 €,Luxembourg-Gare,24 m²
1 000 €,Colmar-Berg,80 m²
1 200 €,Luxembourg-Rollingergrund,17 m²
800 €,Nommern,15 m²
800 €,Cruchten,15 m²
1 100 €,Luxembourg-Gare,24 m²
1 000 €,Colmar-Berg,80 m²
1 200 €,Luxembourg-Rollingergrund,17 m²
800 €,Nommern,15 m²
800 €,Cruchten,15 m²
1 100 €,Luxembourg-Gare,24 m²
1 000 €,Colmar-Berg,80 m²
1 200 €,Luxembourg-Rollingergrund,17 m²
800 €,Nommern,15 m²
800 €,Cruchten,15 m²
1 100 €,Luxembourg-Gare,24 m²
1 000 €,Colmar-Berg,80 m²
1 200 €,Luxembourg-Rollingergrund,17 m²
800 €,Nommern,15 m²
800 €,Cruchten,15 m²
1 100 €,Luxembourg-Gare,24 m²
1 000 €,Colmar-Berg,80 m²
1 200 €,Luxembourg-Rollingergrund,17 m²
800 €,Nommern,15 m²
800 €,Cruchten,15 m²
1 100 €,Luxembourg-Gare,24 m²
1 000 €,Colmar-Berg,80 m²
1 200 €,Luxembourg-Rollingergrund,17 m²
800 €,Nommern,15 m²
800 €,Cruchten,15 m²
1 100 €,Luxembourg-Gare,24 m²
1 000 €,Colmar-Berg,80 m²
1 200 €,Luxembourg-Rollingergrund,17 m²
800 €,Nommern,15 m²
800 €,Cruchten,15 m²
1 100 €,Luxembourg-Gare,24 m²
1 200 €,Luxembourg-Rollingergrund,17 m²
1 000 €,Colmar-Berg,80 m²
800 €,Nommern,15 m²
800 €,Cruchten,15 m²
1 100 €,Luxembourg-Gare,24 m²
1 000 €,Colmar-Berg,80 m²
1 200 €,Luxembourg-Rollingergrund,17 m²
800 €,Nommern,15 m²
800 €,Cruchten,15 m²
1 100 €,Luxembourg-Gare,24 m²
1 000 €,Colmar-Berg,80 m²
1 200 €,Luxembourg-Rollingergrund,17 m²
800 €,Nommern,15 m²
800 €,Cruchten,15 m²
1 100 €,Luxembourg-Gare,24 m²
1 000 €,Colmar-Berg,80 m²
1 200 €,Luxembourg-Rollingergrund,17 m²
800 €,Nommern,15 m²
800 €,Cruchten,15 m²
1 100 €,Luxembourg-Gare,24 m²
1 000 €,Colmar-Berg,80 m²
1 200 €,Luxembourg-Rollingergrund,17 m²
800 €,Nommern,15 m²
800 €,Cruchten,15 m²
1 100 €,Luxembourg-Gare,24 m²
1 000 €,Colmar-Berg,80 m²
1 200 €,Luxembourg-Rollingergrund,17 m²
800 €,Nommern,15 m²
800 €,Cruchten,15 m²
1 100 €,Luxembourg-Gare,24 m²
1 000 €,Colmar-Berg,80 m²
1 200 €,Luxembourg-Rollingergrund,17 m²
800 €,Nommern,15 m²
800 €,Cruchten,15 m²
1 100 €,Luxembourg-Gare,24 m²
1 000 €,Colmar-Berg,80 m²
1 200 €,Luxembourg-Rollingergrund,17 m²
800 €,Nommern,15 m²
800 €,Cruchten,15 m²
1 100 €,Luxembourg-Gare,24 m²
1 000 €,Colmar-Berg,80 m²
1 200 €,Luxembourg-Rollingergrund,17 m²
800 €,Nommern,15 m²
800 €,Cruchten,15 m²
1 100 €,Luxembourg-Gare,24 m²
1 200 €,Luxembourg-Rollingergrund,17 m²
1 000 €,Colmar-Berg,80 m²
800 €,Nommern,15 m²
800 €,Cruchten,15 m²
1 100 €,Luxembourg-Gare,24 m²
1 200 €,Luxembourg-Rollingergrund,17 m²
1 000 €,Colmar-Berg,80 m²
800 €,Nommern,15 m²
800 €,Cruchten,15 m²
1 100 €,Luxembourg-Gare,24 m²
1 200 €,Luxembourg-Rollingergrund,17 m²
1 000 €,Colmar-Berg,80 m²
800 €,Nommern,15 m²
800 €,Cruchten,15 m²
1 100 €,Luxembourg-Gare,24 m²
1 000 €,Colmar-Berg,80 m²
1 200 €,Luxembourg-Rollingergrund,17 m²
800 €,Nommern,15 m²
800 €,Cruchten,15 m²
1 100 €,Luxembourg-Gare,24 m²
1 000 €,Colmar-Berg,80 m²
1 200 €,Luxembourg-Rollingergrund,17 m²
800 €,Nommern,15 m²
800 €,Cruchten,15 m²
1 100 €,Luxembourg-Gare,24 m²
1 000 €,Colmar-Berg,80 m²
1 200 €,Luxembourg-Rollingergrund,17 m²
800 €,Nommern,15 m²
800 €,Cruchten,15 m²
1 100 €,Luxembourg-Gare,24 m²
1 200 €,Luxembourg-Rollingergrund,17 m²
1 000 €,Colmar-Berg,80 m²
800 €,Nommern,15 m²
800 €,Cruchten,15 m²
1 100 €,Luxembourg-Gare,24 m²
1 200 €,Luxembourg-Rollingergrund,17 m²
1 000 €,Colmar-Berg,80 m²
800 €,Nommern,15 m²
800 €,Cruchten,15 m²
1 100 €,Luxembourg-Gare,24 m²
1 200 €,Luxembourg-Rollingergrund,17 m²
1 000 €,Colmar-Berg,80 m²
800 €,Nommern,15 m²
800 €,Cruchten,15 m²
1 100 €,Luxembourg-Gare,24 m²
1 000 €,Colmar-Berg,80 m²
1 200 €,Luxembourg-Rollingergrund,17 m²
800 €,Nommern,15 m²
800 €,Cruchten,15 m²
1 100 €,Luxembourg-Gare,24 m²
1 000 €,Colmar-Berg,80 m²
1 200 €,Luxembourg-Rollingergrund,17 m²
800 €,Nommern,15 m²
800 €,Cruchten,15 m²
1 100 €,Luxembourg-Gare,24 m²
1 000 €,Colmar-Berg,80 m²
1 200 €,Luxembourg-Rollingergrund,17 m²
800 €,Nommern,15 m²
800 €,Cruchten,15 m²
1 100 €,Luxembourg-Gare,24 m²
1 200 €,Luxembourg-Rollingergrund,17 m²
1 000 €,Colmar-Berg,80 m²
800 €,Nommern,15 m²
800 €,Cruchten,15 m²
1 100 €,Luxembourg-Gare,24 m²
1 200 €,Luxembourg-Rollingergrund,17 m²
1 000 €,Colmar-Berg,80 m²
800 €,Nommern,15 m²
800 €,Cruchten,15 m²
1 100 €,Luxembourg-Gare,24 m²
1 000 €,Colmar-Berg,80 m²
1 200 €,Luxembourg-Rollingergrund,17 m²
800 €,Nommern,15 m²
800 €,Cruchten,15 m²
1 100 €,Luxembourg-Gare,24 m²
1 000 €,Colmar-Berg,80 m²
1 200 €,Luxembourg-Rollingergrund,17 m²
800 €,Nommern,15 m²
800 €,Cruchten,15 m²
1 100 €,Luxembourg-Gare,24 m²
1 000 €,Colmar-Berg,80 m²
1 200 €,Luxembourg-Rollingergrund,17 m²
800 €,Nommern,15 m²
800 €,Cruchten,15 m²
1 100 €,Luxembourg-Gare,24 m²
1 200 €,Luxembourg-Rollingergrund,17 m²
1 000 €,Colmar-Berg,80 m²
800 €,Nommern,15 m²
800 €,Cruchten,15 m²
1 100 €,Luxembourg-Gare,24 m²
1 000 €,Colmar-Berg,80 m²
1 200 €,Luxembourg-Rollingergrund,17 m²
800 €,Nommern,15 m²
800 €,Cruchten,15 m²
1 100 €,Luxembourg-Gare,24 m²
1 200 €,Luxembourg-Rollingergrund,17 m²
1 000 €,Colmar-Berg,80 m²
800 €,Nommern,15 m²
800 €,Cruchten,15 m²
1 100 €,Luxembourg-Gare,24 m²
1 200 €,Luxembourg-Rollingergrund,17 m²
1 000 €,Colmar-Berg,80 m²
800 €,Nommern,15 m²
800 €,Cruchten,15 m²
1 100 €,Luxembourg-Gare,24 m²
1 000 €,Colmar-Berg,80 m²
1 200 €,Luxembourg-Rollingergrund,17 m²
800 €,Nommern,15 m²
800 €,Cruchten,15 m²
1 100 €,Luxembourg-Gare,24 m²
1 000 €,Colmar-Berg,80 m²
1 200 €,Luxembourg-Rollingergrund,17 m²
800 €,Nommern,15 m²
800 €,Cruchten,15 m²
1 100 €,Luxembourg-Gare,24 m²
1 200 €,Luxembourg-Rollingergrund,17 m²
1 000 €,Colmar-Berg,80 m²
800 €,Nommern,15 m²
800 €,Cruchten,15 m²
1 100 €,Luxembourg-Gare,24 m²
1 200 €,Luxembourg-Rollingergrund,17 m²
1 000 €,Colmar-Berg,80 m²
800 €,Nommern,15 m²
800 €,Cruchten,15 m²
1 100 €,Luxembourg-Gare,24 m²
1 000 €,Colmar-Berg,80 m²
1 200 €,Luxembourg-Rollingergrund,17 m²
800 €,Nommern,15 m²
800 €,Cruchten,15 m²
1 100 €,Luxembourg-Gare,24 m²
1 000 €,Colmar-Berg,80 m²
1 200 €,Luxembourg-Rollingergrund,17 m²
800 €,Nommern,15 m²
800 €,Cruchten,15 m²
1 100 €,Luxembourg-Gare,24 m²
1 000 €,Colmar-Berg,80 m²
1 200 €,Luxembourg-Rollingergrund,17 m²
800 €,Nommern,15 m²
800 €,Cruchten,15 m²
1 100 €,Luxembourg-Gare,24 m²
1 000 €,Colmar-Berg,80 m²
1 200 €,Luxembourg-Rollingergrund,17 m²
800 €,Nommern,15 m²
800 €,Cruchten,15 m²
1 100 €,Luxembourg-Gare,24 m²
1 200 €,Luxembourg-Rollingergrund,17 m²
1 000 €,Colmar-Berg,80 m²
800 €,Nommern,15 m²
800 €,Cruchten,15 m²
1 100 €,Luxembourg-Gare,24 m²
1 200 €,Luxembourg-Rollingergrund,17 m²
1 000 €,Colmar-Berg,80 m²
800 €,Nommern,15 m²
800 €,Cruchten,15 m²
1 100 €,Luxembourg-Gare,24 m²
1 000 €,Colmar-Berg,80 m²
1 200 €,Luxembourg-Rollingergrund,17 m²
800 €,Nommern,15 m²
800 €,Cruchten,15 m²
1 100 €,Luxembourg-Gare,24 m²
1 000 €,Colmar-Berg,80 m²
1 200 €,Luxembourg-Rollingergrund,17 m²
800 €,Nommern,15 m²
800 €,Cruchten,15 m²
1 100 €,Luxembourg-Gare,24 m²
1 000 €,Colmar-Berg,80 m²
1 200 €,Luxembourg-Rollingergrund,17 m²
800 €,Nommern,15 m²
800 €,Cruchten,15 m²
1 100 €,Luxembourg-Gare,24 m²
1 200 €,Luxembourg-Rollingergrund,17 m²
1 000 €,Colmar-Berg,80 m²
800 €,Nommern,15 m²
800 €,Cruchten,15 m²
1 100 €,Luxembourg-Gare,24 m²
1 000 €,Colmar-Berg,80 m²
1 200 €,Luxembourg-Rollingergrund,17 m²
800 €,Nommern,15 m²
800 €,Cruchten,15 m²
1 100 €,Luxembourg-Gare,24 m²
1 200 €,Luxembourg-Rollingergrund,17 m²
1 000 €,Colmar-Berg,80 m²
800 €,Nommern,15 m²
800 €,Cruchten,15 m²
1 100 €,Luxembourg-Gare,24 m²
1 000 €,Colmar-Berg,80 m²
1 200 €,Luxembourg-Rollingergrund,17 m²
800 €,Nommern,15 m²
800 €,Cruchten,15 m²
1 100 €,Luxembourg-Gare,24 m²
1 000 €,Colmar-Berg,80 m²
1 200 €,Luxembourg-Rollingergrund,17 m²
800 €,Nommern,15 m²
800 €,Cruchten,15 m²
1 100 €,Luxembourg-Gare,24 m²
1 000 €,Colmar-Berg,80 m²
1 200 €,Luxembourg-Rollingergrund,17 m²
800 €,Nommern,15 m²
800 €,Cruchten,15 m²
1 100 €,Luxembourg-Gare,24 m²
1 200 €,Luxembourg-Rollingergrund,17 m²
1 000 €,Colmar-Berg,80 m²
800 €,Nommern,15 m²
800 €,Cruchten,15 m²
1 100 €,Luxembourg-Gare,24 m²
1 200 €,Luxembourg-Rollingergrund,17 m²
1 000 €,Colmar-Berg,80 m²
800 €,Nommern,15 m²
800 €,Cruchten,15 m²
1 100 €,Luxembourg-Gare,24 m²
1 000 €,Colmar-Berg,80 m²
1 200 €,Luxembourg-Rollingergrund,17 m²
800 €,Nommern,15 m²
800 €,Cruchten,15 m²
1 100 €,Luxembourg-Gare,24 m²
1 200 €,Luxembourg-Rollingergrund,17 m²
1 000 €,Colmar-Berg,80 m²
800 €,Nommern,15 m²
800 €,Cruchten,15 m²
1 100 €,Luxembourg-Gare,24 m²
1 000 €,Colmar-Berg,80 m²
1 200 €,Luxembourg-Rollingergrund,17 m²
800 €,Nommern,15 m²
800 €,Cruchten,15 m²
1 100 €,Luxembourg-Gare,24 m²
1 200 €,Luxembourg-Rollingergrund,17 m²
1 000 €,Colmar-Berg,80 m²
800 €,Nommern,15 m²
800 €,Cruchten,15 m²
1 100 €,Luxembourg-Gare,24 m²
1 000 €,Colmar-Berg,80 m²
1 200 €,Luxembourg-Rollingergrund,17 m²
800 €,Nommern,15 m²
800 €,Cruchten,15 m²
1 100 €,Luxembourg-Gare,24 m²
1 000 €,Colmar-Berg,80 m²
1 200 €,Luxembourg-Rollingergrund,17 m²
800 €,Nommern,15 m²
800 €,Cruchten,15 m²
1 100 €,Luxembourg-Gare,24 m²
1 000 €,Colmar-Berg,80 m²
1 200 €,Luxembourg-Rollingergrund,17 m²
800 €,Nommern,15 m²
800 €,Cruchten,15 m²
1 100 €,Luxembourg-Gare,24 m²
1 000 €,Colmar-Berg,80 m²
1 200 €,Luxembourg-Rollingergrund,17 m²
800 €,Nommern,15 m²
800 €,Cruchten,15 m²
1 100 €,Luxembourg-Gare,24 m²
1 000 €,Colmar-Berg,80 m²
1 200 €,Luxembourg-Rollingergrund,17 m²
800 €,Nommern,15 m²
800 €,Cruchten,15 m²
1 100 €,Luxembourg-Gare,24 m²
1 200 €,Luxembourg-Rollingergrund,17 m²
1 000 €,Colmar-Berg,80 m²
800 €,Nommern,15 m²
800 €,Cruchten,15 m²
1 100 €,Luxembourg-Gare,24 m²
1 200 €,Luxembourg-Rollingergrund,17 m²
1 000 €,Colmar-Berg,80 m²
800 €,Nommern,15 m²
800 €,Cruchten,15 m²
1 100 €,Luxembourg-Gare,24 m²
1 000 €,Colmar-Berg,80 m²
1 200 €,Luxembourg-Rollingergrund,17 m²
800 €,Nommern,15 m²
800 €,Cruchten,15 m²
1 100 €,Luxembourg-Gare,24 m²
1 000 €,Colmar-Berg,80 m²
1 200 €,Luxembourg-Rollingergrund,17 m²
800 €,Nommern,15 m²
800 €,Cruchten,15 m²
1 100 €,Luxembourg-Gare,24 m²
1 200 €,Luxembourg-Rollingergrund,17 m²
1 000 €,Colmar-Berg,80 m²
800 €,Nommern,15 m²
800 €,Cruchten,15 m²
1 100 €,Luxembourg-Gare,24 m²
1 000 €,Colmar-Berg,80 m²
1 200 €,Luxembourg-Rollingergrund,17 m²
800 €,Nommern,15 m²
800 €,Cruchten,15 m²
1 100 €,Luxembourg-Gare,24 m²
1 200 €,Luxembourg-Rollingergrund,17 m²
1 000 €,Colmar-Berg,80 m²
800 €,Nommern,15 m²
800 €,Cruchten,15 m²
1 100 €,Luxembourg-Gare,24 m²
1 000 €,Colmar-Berg,80 m²
1 200 €,Luxembourg-Rollingergrund,17 m²
800 €,Nommern,15 m²
800 €,Cruchten,15 m²
1 100 €,Luxembourg-Gare,24 m²
1 200 €,Luxembourg-Rollingergrund,17 m²
1 000 €,Colmar-Berg,80 m²
800 €,Nommern,15 m²
800 €,Cruchten,15 m²
1 100 €,Luxembourg-Gare,24 m²
1 000 €,Colmar-Berg,80 m²
1 200 €,Luxembourg-Rollingergrund,17 m²
800 €,Nommern,15 m²
800 €,Cruchten,15 m²
1 100 €,Luxembourg-Gare,24 m²
1 000 €,Colmar-Berg,80 m²
1 200 €,Luxembourg-Rollingergrund,17 m²
800 €,Nommern,15 m²
800 €,Cruchten,15 m²
1 100 €,Luxembourg-Gare,24 m²
1 000 €,Colmar-Berg,80 m²
1 200 €,Luxembourg-Rollingergrund,17 m²
800 €,Nommern,15 m²
800 €,Cruchten,15 m²
1 100 €,Luxembourg-Gare,24 m²
1 000 €,Colmar-Berg,80 m²
1 200 €,Luxembourg-Rollingergrund,17 m²
800 €,Nommern,15 m²
800 €,Cruchten,15 m²
1 100 €,Luxembourg-Gare,24 m²
1 000 €,Colmar-Berg,80 m²
1 200 €,Luxembourg-Rollingergrund,17 m²
800 €,Nommern,15 m²
800 €,Cruchten,15 m²
1 100 €,Luxembourg-Gare,24 m²
1 000 €,Colmar-Berg,80 m²
1 200 €,Luxembourg-Rollingergrund,17 m²
800 €,Nommern,15 m²
800 €,Cruchten,15 m²
1 100 €,Luxembourg-Gare,24 m²
1 000 €,Colmar-Berg,80 m²
1 200 €,Luxembourg-Rollingergrund,17 m²
800 €,Nommern,15 m²
800 €,Cruchten,15 m²
1 100 €,Luxembourg-Gare,24 m²
1 200 €,Luxembourg-Rollingergrund,17 m²
1 000 €,Colmar-Berg,80 m²
800 €,Nommern,15 m²
800 €,Cruchten,15 m²
1 100 €,Luxembourg-Gare,24 m²
1 200 €,Luxembourg-Rollingergrund,17 m²
1 000 €,Colmar-Berg,80 m²
800 €,Nommern,15 m²
800 €,Cruchten,15 m²
1 100 €,Luxembourg-Gare,24 m²
1 200 €,Luxembourg-Rollingergrund,17 m²
1 000 €,Colmar-Berg,80 m²
800 €,Nommern,15 m²
800 €,Cruchten,15 m²
1 100 €,Luxembourg-Gare,24 m²
1 000 €,Colmar-Berg,80 m²
1 200 €,Luxembourg-Rollingergrund,17 m²
800 €,Nommern,15 m²
800 €,Cruchten,15 m²
1 100 €,Luxembourg-Gare,24 m²
1 000 €,Colmar-Berg,80 m²
1 200 €,Luxembourg-Rollingergrund,17 m²
800 €,Nommern,15 m²
800 €,Cruchten,15 m²
1 100 €,Luxembourg-Gare,24 m²
1 000 €,Colmar-Berg,80 m²
1 200 €,Luxembourg-Rollingergrund,17 m²
800 €,Nommern,15 m²
800 €,Cruchten,15 m²
1 100 €,Luxembourg-Gare,24 m²
1 200 €,Luxembourg-Rollingergrund,17 m²
1 000 €,Colmar-Berg,80 m²
800 €,Nommern,15 m²
800 €,Cruchten,15 m²
1 100 €,Luxembourg-Gare,24 m²
1 000 €,Colmar-Berg,80 m²
1 200 €,Luxembourg-Rollingergrund,17 m²
800 €,Nommern,15 m²
800 €,Cruchten,15 m²
1 100 €,Luxembourg-Gare,24 m²
1 000 €,Colmar-Berg,80 m²
1 200 €,Luxembourg-Rollingergrund,17 m²
800 €,Nommern,15 m²
800 €,Cruchten,15 m²
1 100 €,Luxembourg-Gare,24 m²
1 000 €,Colmar-Berg,80 m²
1 200 €,Luxembourg-Rollingergrund,17 m²
800 €,Nommern,15 m²
800 €,Cruchten,15 m²
1 100 €,Luxembourg-Gare,24 m²
1 000 €,Colmar-Berg,80 m²
1 200 €,Luxembourg-Rollingergrund,17 m²
800 €,Nommern,15 m²
800 €,Cruchten,15 m²
1 100 €,Luxembourg-Gare,24 m²
1 000 €,Colmar-Berg,80 m²
1 200 €,Luxembourg-Rollingergrund,17 m²
800 €,Nommern,15 m²
800 €,Cruchten,15 m²
1 100 €,Luxembourg-Gare,24 m²
1 000 €,Colmar-Berg,80 m²
1 200 €,Luxembourg-Rollingergrund,17 m²
800 €,Nommern,15 m²
800 €,Cruchten,15 m²
1 100 €,Luxembourg-Gare,24 m²
1 200 €,Luxembourg-Rollingergrund,17 m²
1 000 €,Colmar-Berg,80 m²
800 €,Nommern,15 m²
800 €,Cruchten,15 m²
1 100 €,Luxembourg-Gare,24 m²
1 000 €,Colmar-Berg,80 m²
1 200 €,Luxembourg-Rollingergrund,17 m²
800 €,Nommern,15 m²
800 €,Cruchten,15 m²
1 100 €,Luxembourg-Gare,24 m²
1 200 €,Luxembourg-Rollingergrund,17 m²
1 000 €,Colmar-Berg,80 m²
800 €,Nommern,15 m²
800 €,Cruchten,15 m²
1 100 €,Luxembourg-Gare,24 m²
1 000 €,Colmar-Berg,80 m²
1 200 €,Luxembourg-Rollingergrund,17 m²
800 €,Nommern,15 m²
800 €,Cruchten,15 m²
1 100 €,Luxembourg-Gare,24 m²
1 200 €,Luxembourg-Rollingergrund,17 m²
1 000 €,Colmar-Berg,80 m²
800 €,Nommern,15 m²
800 €,Cruchten,15 m²
1 100 €,Luxembourg-Gare,24 m²
1 000 €,Colmar-Berg,80 m²
1 200 €,Luxembourg-Rollingergrund,17 m²
800 €,Nommern,15 m²
800 €,Cruchten,15 m²
1 100 €,Luxembourg-Gare,24 m²
1 000 €,Colmar-Berg,80 m²
1 200 €,Luxembourg-Rollingergrund,17 m²
800 €,Nommern,15 m²
800 €,Cruchten,15 m²
1 100 €,Luxembourg-Gare,24 m²
1 200 €,Luxembourg-Rollingergrund,17 m²
1 000 €,Colmar-Berg,80 m²
800 €,Nommern,15 m²
800 €,Cruchten,15 m²
1 100 €,Luxembourg-Gare,24 m²
1 200 €,Luxembourg-Rollingergrund,17 m²
1 000 €,Colmar-Berg,80 m²
800 €,Nommern,15 m²
800 €,Cruchten,15 m²
1 100 €,Luxembourg-Gare,24 m²
1 000 €,Colmar-Berg,80 m²
1 200 €,Luxembourg-Rollingergrund,17 m²
800 €,Nommern,15 m²
800 €,Cruchten,15 m²
1 100 €,Luxembourg-Gare,24 m²
1 000 €,Colmar-Berg,80 m²
1 200 €,Luxembourg-Rollingergrund,17 m²
800 €,Nommern,15 m²
800 €,Cruchten,15 m²
1 100 €,Luxembourg-Gare,24 m²
1 000 €,Colmar-Berg,80 m²
1 200 €,Luxembourg-Rollingergrund,17 m²
800 €,Nommern,15 m²
800 €,Cruchten,15 m²
1 100 €,Luxembourg-Gare,24 m²
1 200 €,Luxembourg-Rollingergrund,17 m²
1 000 €,Colmar-Berg,80 m²
800 €,Nommern,15 m²
800 €,Cruchten,15 m²
1 100 €,Luxembourg-Gare,24 m²
1 000 €,Colmar-Berg,80 m²
1 200 €,Luxembourg-Rollingergrund,17 m²
800 €,Nommern,15 m²
800 €,Cruchten,15 m²
1 100 €,Luxembourg-Gare,24 m²
1 000 €,Colmar-Berg,80 m²
1 200 €,Luxembourg-Rollingergrund,17 m²
800 €,Nommern,15 m²
800 €,Cruchten,15 m²
1 100 €,Luxembourg-Gare,24 m²
1 000 €,Colmar-Berg,80 m²
1 200 €,Luxembourg-Rollingergrund,17 m²
800 €,Nommern,15 m²
800 €,Cruchten,15 m²
1 100 €,Luxembourg-Gare,24 m²
1 200 €,Luxembourg-Rollingergrund,17 m²
1 000 €,Colmar-Berg,80 m²
800 €,Nommern,15 m²
800 €,Cruchten,15 m²
1 100 €,Luxembourg-Gare,24 m²
1 200 €,Luxembourg-Rollingergrund,17 m²
1 000 €,Colmar-Berg,80 m²
800 €,Nommern,15 m²
800 €,Cruchten,15 m²
1 100 €,Luxembourg-Gare,24 m²
1 000 €,Colmar-Berg,80 m²
1 200 €,Luxembourg-Rollingergrund,17 m²
800 €,Nommern,15 m²
800 €,Cruchten,15 m²
1 100 €,Luxembourg-Gare,24 m²
1 200 €,Luxembourg-Rollingergrund,17 m²
1 000 €,Colmar-Berg,80 m²
800 €,Nommern,15 m²
800 €,Cruchten,15 m²
1 100 €,Luxembourg-Gare,24 m²
1 000 €,Colmar-Berg,80 m²
1 200 €,Luxembourg-Rollingergrund,17 m²
800 €,Nommern,15 m²
800 €,Cruchten,15 m²
1 100 €,Luxembourg-Gare,24 m²
1 000 €,Colmar-Berg,80 m²
1 200 €,Luxembourg-Rollingergrund,17 m²
800 €,Nommern,15 m²
800 €,Cruchten,15 m²
1 100 €,Luxembourg-Gare,24 m²
1 000 €,Colmar-Berg,80 m²
1 200 €,Luxembourg-Rollingergrund,17 m²
800 €,Nommern,15 m²
800 €,Cruchten,15 m²
1 100 €,Luxembourg-Gare,24 m²
1 200 €,Luxembourg-Rollingergrund,17 m²
1 000 €,Colmar-Berg,80 m²
800 €,Nommern,15 m²
800 €,Cruchten,15 m²
1 100 €,Luxembourg-Gare,24 m²
1 000 €,Colmar-Berg,80 m²
1 200 €,Luxembourg-Rollingergrund,17 m²
800 €,Nommern,15 m²
800 €,Cruchten,15 m²
1 100 €,Luxembourg-Gare,24 m²
1 000 €,Colmar-Berg,80 m²
1 200 €,Luxembourg-Rollingergrund,17 m²
800 €,Nommern,15 m²
800 €,Cruchten,15 m²
1 100 €,Luxembourg-Gare,24 m²
1 200 €,Luxembourg-Rollingergrund,17 m²
1 000 €,Colmar-Berg,80 m²
800 €,Nommern,15 m²
800 €,Cruchten,15 m²
1 100 €,Luxembourg-Gare,24 m²
1 200 €,Luxembourg-Rollingergrund,17 m²
1 000 €,Colmar-Berg,80 m²
800 €,Nommern,15 m²
800 €,Cruchten,15 m²
1 100 €,Luxembourg-Gare,24 m²
1 200 €,Luxembourg-Rollingergrund,17 m²
1 000 €,Colmar-Berg,80 m²
800 €,Nommern,15 m²
800 €,Cruchten,15 m²
1 100 €,Luxembourg-Gare,24 m²
1 200 €,Luxembourg-Rollingergrund,17 m²
1 000 €,Colmar-Berg,80 m²
800 €,Nommern,15 m²
800 €,Cruchten,15 m²
1 100 €,Luxembourg-Gare,24 m²
1 200 €,Luxembourg-Rollingergrund,17 m²
1 000 €,Colmar-Berg,80 m²
800 €,Nommern,15 m²
800 €,Cruchten,15 m²
1 100 €,Luxembourg-Gare,24 m²
1 000 €,Colmar-Berg,80 m²
1 200 €,Luxembourg-Rollingergrund,17 m²
800 €,Nommern,15 m²
800 €,Cruchten,15 m²
1 100 €,Luxembourg-Gare,24 m²
1 000 €,Colmar-Berg,80 m²
1 200 €,Luxembourg-Rollingergrund,17 m²
800 €,Nommern,15 m²
800 €,Cruchten,15 m²
1 100 €,Luxembourg-Gare,24 m²
1 200 €,Luxembourg-Rollingergrund,17 m²
1 000 €,Colmar-Berg,80 m²
800 €,Nommern,15 m²
800 €,Cruchten,15 m²
1 100 €,Luxembourg-Gare,24 m²
1 000 €,Colmar-Berg,80 m²
1 200 €,Luxembourg-Rollingergrund,17 m²
800 €,Nommern,15 m²
800 €,Cruchten,15 m²
1 100 €,Luxembourg-Gare,24 m²
1 200 €,Luxembourg-Rollingergrund,17 m²
1 000 €,Colmar-Berg,80 m²
800 €,Nommern,15 m²
800 €,Cruchten,15 m²
1 100 €,Luxembourg-Gare,24 m²
1 200 €,Luxembourg-Rollingergrund,17 m²
1 000 €,Colmar-Berg,80 m²
800 €,Nommern,15 m²
800 €,Cruchten,15 m²
1 100 €,Luxembourg-Gare,24 m²
1 000 €,Colmar-Berg,80 m²
1 200 €,Luxembourg-Rollingergrund,17 m²
800 €,Nommern,15 m²
800 €,Cruchten,15 m²
1 100 €,Luxembourg-Gare,24 m²
1 000 €,Colmar-Berg,80 m²
1 200 €,Luxembourg-Rollingergrund,17 m²
800 €,Nommern,15 m²
800 €,Cruchten,15 m²
1 100 €,Luxembourg-Gare,24 m²
1 000 €,Colmar-Berg,80 m²
1 200 €,Luxembourg-Rollingergrund,17 m²
800 €,Nommern,15 m²
800 €,Cruchten,15 m²
1 100 €,Luxembourg-Gare,24 m²
1 000 €,Colmar-Berg,80 m²
1 200 €,Luxembourg-Rollingergrund,17 m²
800 €,Nommern,15 m²
800 €,Cruchten,15 m²
1 100 €,Luxembourg-Gare,24 m²
1 000 €,Colmar-Berg,80 m²
1 200 €,Luxembourg-Rollingergrund,17 m²
800 €,Nommern,15 m²
800 €,Cruchten,15 m²
1 100 €,Luxembourg-Gare,24 m²
1 000 €,Colmar-Berg,80 m²
1 200 €,Luxembourg-Rollingergrund,17 m²
800 €,Nommern,15 m²
800 €,Cruchten,15 m²
1 100 €,Luxembourg-Gare,24 m²
1 000 €,Colmar-Berg,80 m²
1 200 €,Luxembourg-Rollingergrund,17 m²
800 €,Nommern,15 m²
800 €,Cruchten,15 m²
1 100 €,Luxembourg-Gare,24 m²
1 000 €,Colmar-Berg,80 m²
1 200 €,Luxembourg-Rollingergrund,17 m²
800 €,Nommern,15 m²
800 €,Cruchten,15 m²
1 100 €,Luxembourg-Gare,24 m²
1 000 €,Colmar-Berg,80 m²
1 200 €,Luxembourg-Rollingergrund,17 m²
800 €,Nommern,15 m²
800 €,Cruchten,15 m²
1 100 €,Luxembourg-Gare,24 m²
1 200 €,Luxembourg-Rollingergrund,17 m²
1 000 €,Colmar-Berg,80 m²
800 €,Nommern,15 m²
800 €,Cruchten,15 m²
1 100 €,Luxembourg-Gare,24 m²
1 000 €,Colmar-Berg,80 m²
1 200 €,Luxembourg-Rollingergrund,17 m²
800 €,Nommern,15 m²
800 €,Cruchten,15 m²
1 100 €,Luxembourg-Gare,24 m²
1 200 €,Luxembourg-Rollingergrund,17 m²
1 000 €,Colmar-Berg,80 m²
800 €,Nommern,15 m²
800 €,Cruchten,15 m²
1 100 €,Luxembourg-Gare,24 m²
1 200 €,Luxembourg-Rollingergrund,17 m²
1 000 €,Colmar-Berg,80 m²
800 €,Nommern,15 m²
800 €,Cruchten,15 m²
1 100 €,Luxembourg-Gare,24 m²
1 000 €,Colmar-Berg,80 m²
1 200 €,Luxembourg-Rollingergrund,17 m²
800 €,Nommern,15 m²
800 €,Cruchten,15 m²
1 100 €,Luxembourg-Gare,24 m²
1 000 €,Colmar-Berg,80 m²
1 200 €,Luxembourg-Rollingergrund,17 m²
800 €,Nommern,15 m²
800 €,Cruchten,15 m²
1 100 €,Luxembourg-Gare,24 m²
1 000 €,Colmar-Berg,80 m²
1 200 €,Luxembourg-Rollingergrund,17 m²
800 €,Nommern,15 m²
800 €,Cruchten,15 m²
1 100 €,Luxembourg-Gare,24 m²
1 000 €,Colmar-Berg,80 m²
1 200 €,Luxembourg-Rollingergrund,17 m²
800 €,Nommern,15 m²
800 €,Cruchten,15 m²
1 100 €,Luxembourg-Gare,24 m²
1 000 €,Colmar-Berg,80 m²
1 200 €,Luxembourg-Rollingergrund,17 m²
800 €,Nommern,15 m²
800 €,Cruchten,15 m²
1 100 €,Luxembourg-Gare,24 m²
1 200 €,Luxembourg-Rollingergrund,17 m²
1 000 €,Colmar-Berg,80 m²
800 €,Nommern,15 m²
800 €,Cruchten,15 m²
1 100 €,Luxembourg-Gare,24 m²
1 000 €,Colmar-Berg,80 m²
1 200 €,Luxembourg-Rollingergrund,17 m²
800 €,Nommern,15 m²
800 €,Cruchten,15 m²
1 100 €,Luxembourg-Gare,24 m²
1 000 €,Colmar-Berg,80 m²
1 200 €,Luxembourg-Rollingergrund,17 m²
800 €,Nommern,15 m²
800 €,Cruchten,15 m²
1 100 €,Luxembourg-Gare,24 m²
1 200 €,Luxembourg-Rollingergrund,17 m²
1 000 €,Colmar-Berg,80 m²
800 €,Nommern,15 m²
800 €,Cruchten,15 m²
1 100 €,Luxembourg-Gare,24 m²
1 000 €,Colmar-Berg,80 m²
1 200 €,Luxembourg-Rollingergrund,17 m²
800 €,Nommern,15 m²
800 €,Cruchten,15 m²
1 100 €,Luxembourg-Gare,24 m²
1 000 €,Colmar-Berg,80 m²
1 200 €,Luxembourg-Rollingergrund,17 m²
800 €,Nommern,15 m²
800 €,Cruchten,15 m²
1 100 €,Luxembourg-Gare,24 m²
1 000 €,Colmar-Berg,80 m²
1 200 €,Luxembourg-Rollingergrund,17 m²
800 €,Nommern,15 m²
800 €,Cruchten,15 m²
1 100 €,Luxembourg-Gare,24 m²
1 200 €,Luxembourg-Rollingergrund,17 m²
1 000 €,Colmar-Berg,80 m²
800 €,Nommern,15 m²
800 €,Cruchten,15 m²
1 100 €,Luxembourg-Gare,24 m²
1 000 €,Colmar-Berg,80 m²
1 200 €,Luxembourg-Rollingergrund,17 m²
800 €,Nommern,15 m²
800 €,Cruchten,15 m²
1 100 €,Luxembourg-Gare,24 m²
1 200 €,Luxembourg-Rollingergrund,17 m²
1 000 €,Colmar-Berg,80 m²
800 €,Nommern,15 m²
800 €,Cruchten,15 m²
1 100 €,Luxembourg-Gare,24 m²
1 200 €,Luxembourg-Rollingergrund,17 m²
1 000 €,Colmar-Berg,80 m²
800 €,Nommern,15 m²
800 €,Cruchten,15 m²
1 100 €,Luxembourg-Gare,24 m²
1 200 €,Luxembourg-Rollingergrund,17 m²
1 000 €,Colmar-Berg,80 m²
800 €,Nommern,15 m²
800 €,Cruchten,15 m²
1 100 €,Luxembourg-Gare,24 m²
1 000 €,Colmar-Berg,80 m²
1 200 €,Luxembourg-Rollingergrund,17 m²
800 €,Nommern,15 m²
800 €,Cruchten,15 m²
1 100 €,Luxembourg-Gare,24 m²
1 000 €,Colmar-Berg,80 m²
1 200 €,Luxembourg-Rollingergrund,17 m²
800 €,Nommern,15 m²
800 €,Cruchten,15 m²
1 100 €,Luxembourg-Gare,24 m²
1 200 €,Luxembourg-Rollingergrund,17 m²
1 000 €,Colmar-Berg,80 m²
800 €,Nommern,15 m²
800 €,Cruchten,15 m²
1 100 €,Luxembourg-Gare,24 m²
1 000 €,Colmar-Berg,80 m²
1 200 €,Luxembourg-Rollingergrund,17 m²
800 €,Nommern,15 m²
800 €,Cruchten,15 m²
1 100 €,Luxembourg-Gare,24 m²
1 000 €,Colmar-Berg,80 m²
1 200 €,Luxembourg-Rollingergrund,17 m²
800 €,Nommern,15 m²
800 €,Cruchten,15 m²
1 100 €,Luxembourg-Gare,24 m²
1 000 €,Colmar-Berg,80 m²
1 200 €,Luxembourg-Rollingergrund,17 m²
800 €,Nommern,15 m²
800 €,Cruchten,15 m²
1 100 €,Luxembourg-Gare,24 m²
1 000 €,Colmar-Berg,80 m²
1 200 €,Luxembourg-Rollingergrund,17 m²
800 €,Nommern,15 m²
800 €,Cruchten,15 m²
1 100 €,Luxembourg-Gare,24 m²
1 200 €,Luxembourg-Rollingergrund,17 m²
1 000 €,Colmar-Berg,80 m²
800 €,Nommern,15 m²
800 €,Cruchten,15 m²
1 100 €,Luxembourg-Gare,24 m²
1 200 €,Luxembourg-Rollingergrund,17 m²
1 000 €,Colmar-Berg,80 m²
800 €,Nommern,15 m²
800 €,Cruchten,15 m²
1 100 €,Luxembourg-Gare,24 m²
1 000 €,Colmar-Berg,80 m²
1 200 €,Luxembourg-Rollingergrund,17 m²
800 €,Nommern,15 m²
800 €,Cruchten,15 m²
1 100 €,Luxembourg-Gare,24 m²
1 000 €,Colmar-Berg,80 m²
1 200 €,Luxembourg-Rollingergrund,17 m²
800 €,Nommern,15 m²
800 €,Cruchten,15 m²
1 100 €,Luxembourg-Gare,24 m²
1 200 €,Luxembourg-Rollingergrund,17 m²
1 000 €,Colmar-Berg,80 m²
800 €,Nommern,15 m²
800 €,Cruchten,15 m²
1 100 €,Luxembourg-Gare,24 m²
1 000 €,Colmar-Berg,80 m²
1 200 €,Luxembourg-Rollingergrund,17 m²
800 €,Nommern,15 m²
800 €,Cruchten,15 m²
1 100 €,Luxembourg-Gare,24 m²
1 000 €,Colmar-Berg,80 m²
1 200 €,Luxembourg-Rollingergrund,17 m²
800 €,Nommern,15 m²
800 €,Cruchten,15 m²
1 100 €,Luxembourg-Gare,24 m²
1 000 €,Colmar-Berg,80 m²
1 200 €,Luxembourg-Rollingergrund,17 m²
800 €,Nommern,15 m²
800 €,Cruchten,15 m²
1 100 €,Luxembourg-Gare,24 m²
1 000 €,Colmar-Berg,80 m²
1 200 €,Luxembourg-Rollingergrund,17 m²
800 €,Nommern,15 m²
800 €,Cruchten,15 m²
1 100 €,Luxembourg-Gare,24 m²
1 200 €,Luxembourg-Rollingergrund,17 m²
1 000 €,Colmar-Berg,80 m²
800 €,Nommern,15 m²
800 €,Cruchten,15 m²
1 100 €,Luxembourg-Gare,24 m²
1 200 €,Luxembourg-Rollingergrund,17 m²
1 000 €,Colmar-Berg,80 m²
800 €,Nommern,15 m²
800 €,Cruchten,15 m²
1 100 €,Luxembourg-Gare,24 m²
1 000 €,Colmar-Berg,80 m²
1 200 €,Luxembourg-Rollingergrund,17 m²
800 €,Nommern,15 m²
800 €,Cruchten,15 m²
1 100 €,Luxembourg-Gare,24 m²
1 200 €,Luxembourg-Rollingergrund,17 m²
1 000 €,Colmar-Berg,80 m²
800 €,Nommern,15 m²
800 €,Cruchten,15 m²
1 100 €,Luxembourg-Gare,24 m²
1 200 €,Luxembourg-Rollingergrund,17 m²
1 000 €,Colmar-Berg,80 m²
800 €,Nommern,15 m²
800 €,Cruchten,15 m²
1 100 €,Luxembourg-Gare,24 m²
1 000 €,Colmar-Berg,80 m²
1 200 €,Luxembourg-Rollingergrund,17 m²
800 €,Nommern,15 m²
800 €,Cruchten,15 m²
1 100 €,Luxembourg-Gare,24 m²
1 200 €,Luxembourg-Rollingergrund,17 m²
1 000 €,Colmar-Berg,80 m²
800 €,Nommern,15 m²
800 €,Cruchten,15 m²
1 100 €,Luxembourg-Gare,24 m²
1 000 €,Colmar-Berg,80 m²
1 200 €,Luxembourg-Rollingergrund,17 m²
800 €,Nommern,15 m²
800 €,Cruchten,15 m²
1 100 €,Luxembourg-Gare,24 m²
1 000 €,Colmar-Berg,80 m²
1 200 €,Luxembourg-Rollingergrund,17 m²
800 €,Nommern,15 m²
800 €,Cruchten,15 m²
1 100 €,Luxembourg-Gare,24 m²
1 200 €,Luxembourg-Rollingergrund,17 m²
1 000 €,Colmar-Berg,80 m²
800 €,Nommern,15 m²
800 €,Cruchten,15 m²
1 100 €,Luxembourg-Gare,24 m²
1 000 €,Colmar-Berg,80 m²
1 200 €,Luxembourg-Rollingergrund,17 m²
800 €,Nommern,15 m²
800 €,Cruchten,15 m²
1 100 €,Luxembourg-Gare,24 m²
1 200 €,Luxembourg-Rollingergrund,17 m²
1 000 €,Colmar-Berg,80 m²
800 €,Nommern,15 m²
800 €,Cruchten,15 m²
1 100 €,Luxembourg-Gare,24 m²
1 200 €,Luxembourg-Rollingergrund,17 m²
1 000 €,Colmar-Berg,80 m²
800 €,Nommern,15 m²
800 €,Cruchten,15 m²
1 100 €,Luxembourg-Gare,24 m²
1 000 €,Colmar-Berg,80 m²
1 200 €,Luxembourg-Rollingergrund,17 m²
800 €,Nommern,15 m²
800 €,Cruchten,15 m²
1 100 €,Luxembourg-Gare,24 m²
1 000 €,Colmar-Berg,80 m²
1 200 €,Luxembourg-Rollingergrund,17 m²
800 €,Nommern,15 m²
800 €,Cruchten,15 m²
1 100 €,Luxembourg-Gare,24 m²
1 200 €,Luxembourg-Rollingergrund,17 m²
1 000 €,Colmar-Berg,80 m²
800 €,Nommern,15 m²
800 €,Cruchten,15 m²
1 100 €,Luxembourg-Gare,24 m²
1 200 €,Luxembourg-Rollingergrund,17 m²
1 000 €,Colmar-Berg,80 m²
800 €,Nommern,15 m²
800 €,Cruchten,15 m²
1 100 €,Luxembourg-Gare,24 m²
1 000 €,Colmar-Berg,80 m²
1 200 €,Luxembourg-Rollingergrund,17 m²
800 €,Nommern,15 m²
800 €,Cruchten,15 m²
1 100 €,Luxembourg-Gare,24 m²
1 000 €,Colmar-Berg,80 m²
1 200 €,Luxembourg-Rollingergrund,17 m²
800 €,Nommern,15 m²
800 €,Cruchten,15 m²
1 100 €,Luxembourg-Gare,24 m²
1 200 €,Luxembourg-Rollingergrund,17 m²
1 000 €,Colmar-Berg,80 m²
800 €,Nommern,15 m²
800 €,Cruchten,15 m²
1 100 €,Luxembourg-Gare,24 m²
1 200 €,Luxembourg-Rollingergrund,17 m²
1 000 €,Colmar-Berg,80 m²
800 €,Nommern,15 m²
800 €,Cruchten,15 m²
1 100 €,Luxembourg-Gare,24 m²
1 200 €,Luxembourg-Rollingergrund,17 m²
1 000 €,Colmar-Berg,80 m²
800 €,Nommern,15 m²
800 €,Cruchten,15 m²
1 100 €,Luxembourg-Gare,24 m²
1 200 €,Luxembourg-Rollingergrund,17 m²
1 000 €,Colmar-Berg,80 m²
800 €,Nommern,15 m²
800 €,Cruchten,15 m²
1 100 €,Luxembourg-Gare,24 m²
1 000 €,Colmar-Berg,80 m²
1 200 €,Luxembourg-Rollingergrund,17 m²
800 €,Nommern,15 m²
800 €,Cruchten,15 m²
1 100 €,Luxembourg-Gare,24 m²
1 200 €,Luxembourg-Rollingergrund,17 m²
1 000 €,Colmar-Berg,80 m²
800 €,Nommern,15 m²
800 €,Cruchten,15 m²
1 100 €,Luxembourg-Gare,24 m²
1 200 €,Luxembourg-Rollingergrund,17 m²
1 000 €,Colmar-Berg,80 m²
800 €,Nommern,15 m²
800 €,Cruchten,15 m²
1 100 €,Luxembourg-Gare,24 m²
1 200 €,Luxembourg-Rollingergrund,17 m²
1 000 €,Colmar-Berg,80 m²
800 €,Nommern,15 m²
800 €,Cruchten,15 m²
1 100 €,Luxembourg-Gare,24 m²
1 000 €,Colmar-Berg,80 m²
1 200 €,Luxembourg-Rollingergrund,17 m²
800 €,Nommern,15 m²
800 €,Cruchten,15 m²
1 100 €,Luxembourg-Gare,24 m²
1 200 €,Luxembourg-Rollingergrund,17 m²
1 000 €,Colmar-Berg,80 m²
800 €,Nommern,15 m²
800 €,Cruchten,15 m²
1 100 €,Luxembourg-Gare,24 m²
1 000 €,Colmar-Berg,80 m²
1 200 €,Luxembourg-Rollingergrund,17 m²
800 €,Nommern,15 m²
800 €,Cruchten,15 m²
1 100 €,Luxembourg-Gare,24 m²
1 000 €,Colmar-Berg,80 m²
1 200 €,Luxembourg-Rollingergrund,17 m²
800 €,Nommern,15 m²
800 €,Cruchten,15 m²
1 100 €,Luxembourg-Gare,24 m²
1 000 €,Colmar-Berg,80 m²
1 200 €,Luxembourg-Rollingergrund,17 m²
800 €,Nommern,15 m²
800 €,Cruchten,15 m²
1 100 €,Luxembourg-Gare,24 m²
1 000 €,Colmar-Berg,80 m²
1 200 €,Luxembourg-Rollingergrund,17 m²
800 €,Nommern,15 m²
800 €,Cruchten,15 m²
1 100 €,Luxembourg-Gare,24 m²
1 000 €,Colmar-Berg,80 m²
1 200 €,Luxembourg-Rollingergrund,17 m²
800 €,Nommern,15 m²
800 €,Cruchten,15 m²
1 100 €,Luxembourg-Gare,24 m²
1 000 €,Colmar-Berg,80 m²
1 200 €,Luxembourg-Rollingergrund,17 m²
800 €,Nommern,15 m²
800 €,Cruchten,15 m²
1 100 €,Luxembourg-Gare,24 m²
1 000 €,Colmar-Berg,80 m²
1 200 €,Luxembourg-Rollingergrund,17 m²
800 €,Nommern,15 m²
800 €,Cruchten,15 m²
1 100 €,Luxembourg-Gare,24 m²
1 000 €,Colmar-Berg,80 m²
1 200 €,Luxembourg-Rollingergrund,17 m²
800 €,Nommern,15 m²
800 €,Cruchten,15 m²
1 100 €,Luxembourg-Gare,24 m²
1 000 €,Colmar-Berg,80 m²
1 200 €,Luxembourg-Rollingergrund,17 m²
800 €,Nommern,15 m²
800 €,Cruchten,15 m²
1 100 €,Luxembourg-Gare,24 m²
1 000 €,Colmar-Berg,80 m²
1 200 €,Luxembourg-Rollingergrund,17 m²
800 €,Nommern,15 m²
800 €,Cruchten,15 m²
1 100 €,Luxembourg-Gare,24 m²
1 000 €,Colmar-Berg,80 m²
1 200 €,Luxembourg-Rollingergrund,17 m²
800 €,Nommern,15 m²
800 €,Cruchten,15 m²
1 100 €,Luxembourg-Gare,24 m²
1 000 €,Colmar-Berg,80 m²
1 200 €,Luxembourg-Rollingergrund,17 m²
800 €,Nommern,15 m²
800 €,Cruchten,15 m²
1 100 €,Luxembourg-Gare,24 m²
1 000 €,Colmar-Berg,80 m²
1 200 €,Luxembourg-Rollingergrund,17 m²
800 €,Nommern,15 m²
800 €,Cruchten,15 m²
1 100 €,Luxembourg-Gare,24 m²
1 000 €,Colmar-Berg,80 m²
1 200 €,Luxembourg-Rollingergrund,17 m²
800 €,Nommern,15 m²
800 €,Cruchten,15 m²
1 100 €,Luxembourg-Gare,24 m²
1 200 €,Luxembourg-Rollingergrund,17 m²
1 000 €,Colmar-Berg,80 m²
800 €,Nommern,15 m²
800 €,Cruchten,15 m²
1 100 €,Luxembourg-Gare,24 m²
1 200 €,Luxembourg-Rollingergrund,17 m²
1 000 €,Colmar-Berg,80 m²
800 €,Nommern,15 m²
800 €,Cruchten,15 m²
1 100 €,Luxembourg-Gare,24 m²
1 000 €,Colmar-Berg,80 m²
1 200 €,Luxembourg-Rollingergrund,17 m²
800 €,Nommern,15 m²
800 €,Cruchten,15 m²
1 100 €,Luxembourg-Gare,24 m²
1 200 €,Luxembourg-Rollingergrund,17 m²
1 000 €,Colmar-Berg,80 m²
800 €,Nommern,15 m²
800 €,Cruchten,15 m²
1 100 €,Luxembourg-Gare,24 m²
1 200 €,Luxembourg-Rollingergrund,17 m²
1 000 €,Colmar-Berg,80 m²
800 €,Nommern,15 m²
800 €,Cruchten,15 m²
1 100 €,Luxembourg-Gare,24 m²
1 000 €,Colmar-Berg,80 m²
1 200 €,Luxembourg-Rollingergrund,17 m²
800 €,Nommern,15 m²
800 €,Cruchten,15 m²
1 100 €,Luxembourg-Gare,24 m²
1 000 €,Colmar-Berg,80 m²
1 200 €,Luxembourg-Rollingergrund,17 m²
800 €,Nommern,15 m²
800 €,Cruchten,15 m²
1 100 €,Luxembourg-Gare,24 m²
1 000 €,Colmar-Berg,80 m²
1 200 €,Luxembourg-Rollingergrund,17 m²
800 €,Nommern,15 m²
800 €,Cruchten,15 m²
1 100 €,Luxembourg-Gare,24 m²
1 000 €,Colmar-Berg,80 m²
1 200 €,Luxembourg-Rollingergrund,17 m²
800 €,Nommern,15 m²
800 €,Cruchten,15 m²
1 100 €,Luxembourg-Gare,24 m²
1 200 €,Luxembourg-Rollingergrund,17 m²
1 000 €,Colmar-Berg,80 m²
800 €,Nommern,15 m²
800 €,Cruchten,15 m²
1 100 €,Luxembourg-Gare,24 m²
1 200 €,Luxembourg-Rollingergrund,17 m²
1 000 €,Colmar-Berg,80 m²
800 €,Nommern,15 m²
800 €,Cruchten,15 m²
1 100 €,Luxembourg-Gare,24 m²